2025-03-18 20:38:19,251 [Worker-9: Loading available Gradle versions] INFO  o.e.b.c.i.u.g.PublishedGradleVersions - Gradle version information cache is not available. Remote download required.
2025-03-18 20:38:42,961 [Worker-31: Importing Maven projects] INFO  o.e.m.c.i.l.LifecycleMappingFactory - Using org.eclipse.m2e.jdt.JarLifecycleMapping lifecycle mapping for MavenProject: sit707_tasks:task2_2P:1.0-SNAPSHOT @ /Users/trungquan/eclipse-workspace/SIT333/task2_1P/pom.xml.
2025-03-18 20:38:44,234 [Worker-31: Importing Maven projects] INFO  o.e.m.j.i.AbstractJavaProjectConfigurator - Adding source folder /task2_1P/src/main/java
2025-03-18 20:38:44,242 [Worker-31: Importing Maven projects] INFO  o.e.m.j.i.AbstractJavaProjectConfigurator - Adding resource folder /task2_1P/src/main/resources
2025-03-18 20:38:44,243 [Worker-31: Importing Maven projects] INFO  o.e.m.j.i.AbstractJavaProjectConfigurator - Adding source folder /task2_1P/src/test/java
2025-03-18 20:38:44,244 [Worker-31: Importing Maven projects] INFO  o.e.m.j.i.AbstractJavaProjectConfigurator - Adding resource folder /task2_1P/src/test/resources
2025-03-18 20:38:44,454 [Worker-31: Importing Maven projects] INFO  o.e.m.c.i.p.ProjectConfigurationManager - Imported and configured 1 project(s) in 4 sec
2025-03-18 20:38:45,976 [Worker-4: Building] WARN  o.a.m.s.f.DefaultMavenResourcesFiltering - Using platform encoding (UTF-8 actually) to copy filtered resources, i.e. build is platform dependent!
2025-03-18 20:38:45,982 [Worker-4: Building] INFO  o.a.m.s.f.DefaultMavenResourcesFiltering - skip non existing resourceDirectory /Users/trungquan/eclipse-workspace/SIT333/task2_1P/src/main/resources
2025-03-18 20:38:45,999 [Worker-4: Building] WARN  o.a.m.s.f.DefaultMavenResourcesFiltering - Using platform encoding (UTF-8 actually) to copy filtered resources, i.e. build is platform dependent!
2025-03-18 20:38:46,000 [Worker-4: Building] INFO  o.a.m.s.f.DefaultMavenResourcesFiltering - skip non existing resourceDirectory /Users/trungquan/eclipse-workspace/SIT333/task2_1P/src/test/resources
2025-03-18 20:38:56,609 [Worker-8: Importing Maven projects] INFO  o.e.m.c.i.l.LifecycleMappingFactory - Using org.eclipse.m2e.jdt.JarLifecycleMapping lifecycle mapping for MavenProject: SIT333:selenium-test2:0.0.1-SNAPSHOT @ /Users/trungquan/eclipse-workspace/SIT333/selenium-test2/pom.xml.
2025-03-18 20:38:56,649 [Worker-8: Importing Maven projects] INFO  o.e.m.j.i.AbstractJavaProjectConfigurator - Adding source folder /selenium-test2/src/main/java
2025-03-18 20:38:56,649 [Worker-8: Importing Maven projects] INFO  o.e.m.j.i.AbstractJavaProjectConfigurator - Adding resource folder /selenium-test2/src/main/resources
2025-03-18 20:38:56,650 [Worker-8: Importing Maven projects] INFO  o.e.m.j.i.AbstractJavaProjectConfigurator - Adding source folder /selenium-test2/src/test/java
2025-03-18 20:38:56,650 [Worker-8: Importing Maven projects] INFO  o.e.m.j.i.AbstractJavaProjectConfigurator - Adding resource folder /selenium-test2/src/test/resources
2025-03-18 20:38:56,682 [Worker-8: Importing Maven projects] INFO  o.e.m.c.i.p.ProjectConfigurationManager - Imported and configured 1 project(s) in 0 sec
2025-03-18 20:38:57,272 [Worker-13: Building] WARN  o.a.m.s.f.DefaultMavenResourcesFiltering - Using platform encoding (UTF-8 actually) to copy filtered resources, i.e. build is platform dependent!
2025-03-18 20:38:57,299 [Worker-13: Building] INFO  o.a.m.s.f.DefaultMavenResourcesFiltering - Copying 0 resource from src/main/resources to target/classes
2025-03-18 20:38:57,312 [Worker-13: Building] WARN  o.a.m.s.f.DefaultMavenResourcesFiltering - Using platform encoding (UTF-8 actually) to copy filtered resources, i.e. build is platform dependent!
2025-03-18 20:38:57,313 [Worker-13: Building] INFO  o.a.m.s.f.DefaultMavenResourcesFiltering - Copying 0 resource from src/test/resources to target/test-classes
2025-03-18 20:39:11,632 [Worker-47: Importing Maven projects] INFO  o.e.m.c.i.l.LifecycleMappingFactory - Using org.eclipse.m2e.jdt.JarLifecycleMapping lifecycle mapping for MavenProject: SIT333:selenium-test:0.0.1-SNAPSHOT @ /Users/trungquan/eclipse-workspace/SIT333/selenium-test/pom.xml.
2025-03-18 20:39:11,914 [Worker-47: Importing Maven projects] INFO  o.e.m.j.i.AbstractJavaProjectConfigurator - Adding source folder /selenium-test/src/main/java
2025-03-18 20:39:11,915 [Worker-47: Importing Maven projects] INFO  o.e.m.j.i.AbstractJavaProjectConfigurator - Adding resource folder /selenium-test/src/main/resources
2025-03-18 20:39:11,915 [Worker-47: Importing Maven projects] INFO  o.e.m.j.i.AbstractJavaProjectConfigurator - Adding source folder /selenium-test/src/test/java
2025-03-18 20:39:11,915 [Worker-47: Importing Maven projects] INFO  o.e.m.j.i.AbstractJavaProjectConfigurator - Adding resource folder /selenium-test/src/test/resources
2025-03-18 20:39:11,980 [Worker-47: Importing Maven projects] INFO  o.e.m.c.i.p.ProjectConfigurationManager - Imported and configured 1 project(s) in 0 sec
2025-03-18 20:39:12,289 [Worker-33: Building] WARN  o.a.m.s.f.DefaultMavenResourcesFiltering - Using platform encoding (UTF-8 actually) to copy filtered resources, i.e. build is platform dependent!
2025-03-18 20:39:12,291 [Worker-33: Building] INFO  o.a.m.s.f.DefaultMavenResourcesFiltering - Copying 0 resource from src/main/resources to target/classes
2025-03-18 20:39:12,293 [Worker-33: Building] WARN  o.a.m.s.f.DefaultMavenResourcesFiltering - Using platform encoding (UTF-8 actually) to copy filtered resources, i.e. build is platform dependent!
2025-03-18 20:39:12,294 [Worker-33: Building] INFO  o.a.m.s.f.DefaultMavenResourcesFiltering - Copying 0 resource from src/test/resources to target/test-classes
2025-03-20 15:13:17,734 [Worker-67: Building] WARN  o.a.m.s.f.DefaultMavenResourcesFiltering - Using platform encoding (UTF-8 actually) to copy filtered resources, i.e. build is platform dependent!
2025-03-20 15:13:17,752 [Worker-67: Building] INFO  o.a.m.s.f.DefaultMavenResourcesFiltering - skip non existing resourceDirectory /Users/trungquan/eclipse-workspace/SIT333/task2_1P/src/main/resources
2025-03-20 15:13:17,770 [Worker-67: Building] WARN  o.a.m.s.f.DefaultMavenResourcesFiltering - Using platform encoding (UTF-8 actually) to copy filtered resources, i.e. build is platform dependent!
2025-03-20 15:13:17,772 [Worker-67: Building] INFO  o.a.m.s.f.DefaultMavenResourcesFiltering - skip non existing resourceDirectory /Users/trungquan/eclipse-workspace/SIT333/task2_1P/src/test/resources
2025-03-20 15:18:12,431 [Worker-61: Building] INFO  o.e.m.c.i.l.LifecycleMappingFactory - Using org.eclipse.m2e.jdt.JarLifecycleMapping lifecycle mapping for MavenProject: sit707_tasks:task2_2P:1.0-SNAPSHOT @ /Users/trungquan/eclipse-workspace/SIT333/task2_1P_225054634/pom.xml.
2025-03-20 15:18:12,782 [Worker-61: Building] WARN  o.a.m.s.f.DefaultMavenResourcesFiltering - Using platform encoding (UTF-8 actually) to copy filtered resources, i.e. build is platform dependent!
2025-03-20 15:18:12,785 [Worker-61: Building] INFO  o.a.m.s.f.DefaultMavenResourcesFiltering - skip non existing resourceDirectory /Users/trungquan/eclipse-workspace/SIT333/task2_1P_225054634/src/main/resources
2025-03-20 15:18:12,791 [Worker-61: Building] WARN  o.a.m.s.f.DefaultMavenResourcesFiltering - Using platform encoding (UTF-8 actually) to copy filtered resources, i.e. build is platform dependent!
2025-03-20 15:18:12,792 [Worker-61: Building] INFO  o.a.m.s.f.DefaultMavenResourcesFiltering - skip non existing resourceDirectory /Users/trungquan/eclipse-workspace/SIT333/task2_1P_225054634/src/test/resources
2025-03-20 15:18:14,470 [Worker-72: Building] WARN  o.a.m.s.f.DefaultMavenResourcesFiltering - Using platform encoding (UTF-8 actually) to copy filtered resources, i.e. build is platform dependent!
2025-03-20 15:18:14,476 [Worker-72: Building] INFO  o.a.m.s.f.DefaultMavenResourcesFiltering - skip non existing resourceDirectory /Users/trungquan/eclipse-workspace/SIT333/task2_1P_225054634/src/main/resources
2025-03-20 15:18:14,484 [Worker-72: Building] WARN  o.a.m.s.f.DefaultMavenResourcesFiltering - Using platform encoding (UTF-8 actually) to copy filtered resources, i.e. build is platform dependent!
2025-03-20 15:18:14,484 [Worker-72: Building] INFO  o.a.m.s.f.DefaultMavenResourcesFiltering - skip non existing resourceDirectory /Users/trungquan/eclipse-workspace/SIT333/task2_1P_225054634/src/test/resources
2025-03-20 15:19:35,923 [Worker-68: Building] WARN  o.a.m.s.f.DefaultMavenResourcesFiltering - Using platform encoding (UTF-8 actually) to copy filtered resources, i.e. build is platform dependent!
2025-03-20 15:19:35,928 [Worker-68: Building] INFO  o.a.m.s.f.DefaultMavenResourcesFiltering - skip non existing resourceDirectory /Users/trungquan/eclipse-workspace/SIT333/task2_1P_225054634/src/main/resources
2025-03-20 15:19:35,934 [Worker-68: Building] WARN  o.a.m.s.f.DefaultMavenResourcesFiltering - Using platform encoding (UTF-8 actually) to copy filtered resources, i.e. build is platform dependent!
2025-03-20 15:19:35,936 [Worker-68: Building] INFO  o.a.m.s.f.DefaultMavenResourcesFiltering - skip non existing resourceDirectory /Users/trungquan/eclipse-workspace/SIT333/task2_1P_225054634/src/test/resources
2025-03-20 15:23:45,667 [Worker-61: Building] WARN  o.a.m.s.f.DefaultMavenResourcesFiltering - Using platform encoding (UTF-8 actually) to copy filtered resources, i.e. build is platform dependent!
2025-03-20 15:23:45,674 [Worker-61: Building] INFO  o.a.m.s.f.DefaultMavenResourcesFiltering - skip non existing resourceDirectory /Users/trungquan/eclipse-workspace/SIT333/task2_1P_225054634/src/main/resources
2025-03-20 15:23:45,682 [Worker-61: Building] WARN  o.a.m.s.f.DefaultMavenResourcesFiltering - Using platform encoding (UTF-8 actually) to copy filtered resources, i.e. build is platform dependent!
2025-03-20 15:23:45,683 [Worker-61: Building] INFO  o.a.m.s.f.DefaultMavenResourcesFiltering - skip non existing resourceDirectory /Users/trungquan/eclipse-workspace/SIT333/task2_1P_225054634/src/test/resources
2025-03-20 15:24:58,735 [Worker-68: Building] WARN  o.a.m.s.f.DefaultMavenResourcesFiltering - Using platform encoding (UTF-8 actually) to copy filtered resources, i.e. build is platform dependent!
2025-03-20 15:24:58,736 [Worker-68: Building] INFO  o.a.m.s.f.DefaultMavenResourcesFiltering - skip non existing resourceDirectory /Users/trungquan/eclipse-workspace/SIT333/task2_1P_225054634/src/main/resources
2025-03-20 15:24:58,738 [Worker-68: Building] WARN  o.a.m.s.f.DefaultMavenResourcesFiltering - Using platform encoding (UTF-8 actually) to copy filtered resources, i.e. build is platform dependent!
2025-03-20 15:24:58,738 [Worker-68: Building] INFO  o.a.m.s.f.DefaultMavenResourcesFiltering - skip non existing resourceDirectory /Users/trungquan/eclipse-workspace/SIT333/task2_1P_225054634/src/test/resources
2025-03-20 15:25:55,636 [Worker-61: Building] WARN  o.a.m.s.f.DefaultMavenResourcesFiltering - Using platform encoding (UTF-8 actually) to copy filtered resources, i.e. build is platform dependent!
2025-03-20 15:25:55,659 [Worker-61: Building] INFO  o.a.m.s.f.DefaultMavenResourcesFiltering - skip non existing resourceDirectory /Users/trungquan/eclipse-workspace/SIT333/task2_1P_225054634/src/main/resources
2025-03-20 15:25:55,671 [Worker-61: Building] WARN  o.a.m.s.f.DefaultMavenResourcesFiltering - Using platform encoding (UTF-8 actually) to copy filtered resources, i.e. build is platform dependent!
2025-03-20 15:25:55,672 [Worker-61: Building] INFO  o.a.m.s.f.DefaultMavenResourcesFiltering - skip non existing resourceDirectory /Users/trungquan/eclipse-workspace/SIT333/task2_1P_225054634/src/test/resources
2025-03-20 15:30:37,020 [Worker-71: Building] WARN  o.a.m.s.f.DefaultMavenResourcesFiltering - Using platform encoding (UTF-8 actually) to copy filtered resources, i.e. build is platform dependent!
2025-03-20 15:30:37,023 [Worker-71: Building] INFO  o.a.m.s.f.DefaultMavenResourcesFiltering - skip non existing resourceDirectory /Users/trungquan/eclipse-workspace/SIT333/task2_1P_225054634/src/main/resources
2025-03-20 15:30:37,024 [Worker-71: Building] WARN  o.a.m.s.f.DefaultMavenResourcesFiltering - Using platform encoding (UTF-8 actually) to copy filtered resources, i.e. build is platform dependent!
2025-03-20 15:30:37,025 [Worker-71: Building] INFO  o.a.m.s.f.DefaultMavenResourcesFiltering - skip non existing resourceDirectory /Users/trungquan/eclipse-workspace/SIT333/task2_1P_225054634/src/test/resources
2025-03-20 15:31:17,671 [Worker-67: Building] WARN  o.a.m.s.f.DefaultMavenResourcesFiltering - Using platform encoding (UTF-8 actually) to copy filtered resources, i.e. build is platform dependent!
2025-03-20 15:31:17,672 [Worker-67: Building] INFO  o.a.m.s.f.DefaultMavenResourcesFiltering - skip non existing resourceDirectory /Users/trungquan/eclipse-workspace/SIT333/task2_1P_225054634/src/main/resources
2025-03-20 15:31:17,675 [Worker-67: Building] WARN  o.a.m.s.f.DefaultMavenResourcesFiltering - Using platform encoding (UTF-8 actually) to copy filtered resources, i.e. build is platform dependent!
2025-03-20 15:31:17,675 [Worker-67: Building] INFO  o.a.m.s.f.DefaultMavenResourcesFiltering - skip non existing resourceDirectory /Users/trungquan/eclipse-workspace/SIT333/task2_1P_225054634/src/test/resources
2025-03-20 15:31:48,215 [Worker-71: Building] WARN  o.a.m.s.f.DefaultMavenResourcesFiltering - Using platform encoding (UTF-8 actually) to copy filtered resources, i.e. build is platform dependent!
2025-03-20 15:31:48,225 [Worker-71: Building] INFO  o.a.m.s.f.DefaultMavenResourcesFiltering - skip non existing resourceDirectory /Users/trungquan/eclipse-workspace/SIT333/task2_1P_225054634/src/main/resources
2025-03-20 15:31:48,234 [Worker-71: Building] WARN  o.a.m.s.f.DefaultMavenResourcesFiltering - Using platform encoding (UTF-8 actually) to copy filtered resources, i.e. build is platform dependent!
2025-03-20 15:31:48,236 [Worker-71: Building] INFO  o.a.m.s.f.DefaultMavenResourcesFiltering - skip non existing resourceDirectory /Users/trungquan/eclipse-workspace/SIT333/task2_1P_225054634/src/test/resources
2025-03-20 15:32:12,948 [Worker-69: Building] WARN  o.a.m.s.f.DefaultMavenResourcesFiltering - Using platform encoding (UTF-8 actually) to copy filtered resources, i.e. build is platform dependent!
2025-03-20 15:32:12,948 [Worker-69: Building] INFO  o.a.m.s.f.DefaultMavenResourcesFiltering - skip non existing resourceDirectory /Users/trungquan/eclipse-workspace/SIT333/task2_1P_225054634/src/main/resources
2025-03-20 15:32:12,950 [Worker-69: Building] WARN  o.a.m.s.f.DefaultMavenResourcesFiltering - Using platform encoding (UTF-8 actually) to copy filtered resources, i.e. build is platform dependent!
2025-03-20 15:32:12,950 [Worker-69: Building] INFO  o.a.m.s.f.DefaultMavenResourcesFiltering - skip non existing resourceDirectory /Users/trungquan/eclipse-workspace/SIT333/task2_1P_225054634/src/test/resources
2025-03-20 15:34:10,569 [Worker-69: Building] INFO  o.e.m.c.i.l.LifecycleMappingFactory - Using org.eclipse.m2e.jdt.JarLifecycleMapping lifecycle mapping for MavenProject: sit707_tasks:task2_2P:1.0-SNAPSHOT @ /Users/trungquan/eclipse-workspace/SIT333/task2_1P_225054634/pom.xml.
2025-03-20 15:34:11,097 [Worker-69: Building] INFO  o.e.m.c.i.p.WorkspaceClassifierResolverManager - Resolving P/selenium-test: SIT333:selenium-test:0.0.1-SNAPSHOT with classifier  to /selenium-test/target/classes
2025-03-20 15:34:11,154 [Worker-69: Building] WARN  o.a.m.s.f.DefaultMavenResourcesFiltering - Using platform encoding (UTF-8 actually) to copy filtered resources, i.e. build is platform dependent!
2025-03-20 15:34:11,155 [Worker-69: Building] INFO  o.a.m.s.f.DefaultMavenResourcesFiltering - skip non existing resourceDirectory /Users/trungquan/eclipse-workspace/SIT333/task2_1P_225054634/src/main/resources
2025-03-20 15:34:11,157 [Worker-69: Building] WARN  o.a.m.s.f.DefaultMavenResourcesFiltering - Using platform encoding (UTF-8 actually) to copy filtered resources, i.e. build is platform dependent!
2025-03-20 15:34:11,157 [Worker-69: Building] INFO  o.a.m.s.f.DefaultMavenResourcesFiltering - skip non existing resourceDirectory /Users/trungquan/eclipse-workspace/SIT333/task2_1P_225054634/src/test/resources
2025-03-20 15:34:12,713 [Worker-69: Building] WARN  o.a.m.s.f.DefaultMavenResourcesFiltering - Using platform encoding (UTF-8 actually) to copy filtered resources, i.e. build is platform dependent!
2025-03-20 15:34:12,723 [Worker-69: Building] INFO  o.a.m.s.f.DefaultMavenResourcesFiltering - skip non existing resourceDirectory /Users/trungquan/eclipse-workspace/SIT333/task2_1P_225054634/src/main/resources
2025-03-20 15:34:12,730 [Worker-69: Building] WARN  o.a.m.s.f.DefaultMavenResourcesFiltering - Using platform encoding (UTF-8 actually) to copy filtered resources, i.e. build is platform dependent!
2025-03-20 15:34:12,731 [Worker-69: Building] INFO  o.a.m.s.f.DefaultMavenResourcesFiltering - skip non existing resourceDirectory /Users/trungquan/eclipse-workspace/SIT333/task2_1P_225054634/src/test/resources
2025-03-20 15:38:51,791 [Worker-75: Building] WARN  o.a.m.s.f.DefaultMavenResourcesFiltering - Using platform encoding (UTF-8 actually) to copy filtered resources, i.e. build is platform dependent!
2025-03-20 15:38:51,809 [Worker-75: Building] INFO  o.a.m.s.f.DefaultMavenResourcesFiltering - skip non existing resourceDirectory /Users/trungquan/eclipse-workspace/SIT333/task2_1P_225054634/src/main/resources
2025-03-20 15:38:51,818 [Worker-75: Building] WARN  o.a.m.s.f.DefaultMavenResourcesFiltering - Using platform encoding (UTF-8 actually) to copy filtered resources, i.e. build is platform dependent!
2025-03-20 15:38:51,819 [Worker-75: Building] INFO  o.a.m.s.f.DefaultMavenResourcesFiltering - skip non existing resourceDirectory /Users/trungquan/eclipse-workspace/SIT333/task2_1P_225054634/src/test/resources
2025-03-20 15:39:25,021 [Worker-68: Building] WARN  o.a.m.s.f.DefaultMavenResourcesFiltering - Using platform encoding (UTF-8 actually) to copy filtered resources, i.e. build is platform dependent!
2025-03-20 15:39:25,022 [Worker-68: Building] INFO  o.a.m.s.f.DefaultMavenResourcesFiltering - skip non existing resourceDirectory /Users/trungquan/eclipse-workspace/SIT333/task2_1P_225054634/src/main/resources
2025-03-20 15:39:25,025 [Worker-68: Building] WARN  o.a.m.s.f.DefaultMavenResourcesFiltering - Using platform encoding (UTF-8 actually) to copy filtered resources, i.e. build is platform dependent!
2025-03-20 15:39:25,026 [Worker-68: Building] INFO  o.a.m.s.f.DefaultMavenResourcesFiltering - skip non existing resourceDirectory /Users/trungquan/eclipse-workspace/SIT333/task2_1P_225054634/src/test/resources
2025-03-20 15:40:27,026 [Worker-71: Building] WARN  o.a.m.s.f.DefaultMavenResourcesFiltering - Using platform encoding (UTF-8 actually) to copy filtered resources, i.e. build is platform dependent!
2025-03-20 15:40:27,035 [Worker-71: Building] INFO  o.a.m.s.f.DefaultMavenResourcesFiltering - skip non existing resourceDirectory /Users/trungquan/eclipse-workspace/SIT333/task2_1P_225054634/src/main/resources
2025-03-20 15:40:27,042 [Worker-71: Building] WARN  o.a.m.s.f.DefaultMavenResourcesFiltering - Using platform encoding (UTF-8 actually) to copy filtered resources, i.e. build is platform dependent!
2025-03-20 15:40:27,043 [Worker-71: Building] INFO  o.a.m.s.f.DefaultMavenResourcesFiltering - skip non existing resourceDirectory /Users/trungquan/eclipse-workspace/SIT333/task2_1P_225054634/src/test/resources
2025-03-20 15:46:37,149 [Worker-71: Building] INFO  o.e.m.c.i.l.LifecycleMappingFactory - Using org.eclipse.m2e.jdt.JarLifecycleMapping lifecycle mapping for MavenProject: sit707_tasks:task2_2P:1.0-SNAPSHOT @ /Users/trungquan/eclipse-workspace/SIT333/task2_1P_225054634/pom.xml.
2025-03-20 15:46:37,549 [Worker-71: Building] INFO  o.e.m.c.i.e.AbstractTransferListenerAdapter - Downloading https://repo.maven.apache.org/maven2/commons-io/commons-io/2.18.0/commons-io-2.18.0.pom
2025-03-20 15:46:37,567 [Worker-71: Building] INFO  o.e.m.c.i.e.AbstractTransferListenerAdapter - Downloaded https://repo.maven.apache.org/maven2/commons-io/commons-io/2.18.0/commons-io-2.18.0.pom
2025-03-20 15:46:37,583 [Worker-71: Building] INFO  o.e.m.c.i.e.AbstractTransferListenerAdapter - Downloading https://repo.maven.apache.org/maven2/org/apache/commons/commons-parent/78/commons-parent-78.pom
2025-03-20 15:46:37,602 [Worker-71: Building] INFO  o.e.m.c.i.e.AbstractTransferListenerAdapter - Downloaded https://repo.maven.apache.org/maven2/org/apache/commons/commons-parent/78/commons-parent-78.pom
2025-03-20 15:46:37,615 [Worker-71: Building] INFO  o.e.m.c.i.e.AbstractTransferListenerAdapter - Downloading https://repo.maven.apache.org/maven2/org/apache/apache/33/apache-33.pom
2025-03-20 15:46:37,617 [Worker-71: Building] INFO  o.e.m.c.i.e.AbstractTransferListenerAdapter - Downloaded https://repo.maven.apache.org/maven2/org/apache/apache/33/apache-33.pom
2025-03-20 15:46:37,641 [Worker-71: Building] INFO  o.e.m.c.i.e.AbstractTransferListenerAdapter - Downloading https://repo.maven.apache.org/maven2/org/junit/junit-bom/5.11.2/junit-bom-5.11.2.pom
2025-03-20 15:46:37,642 [Worker-71: Building] INFO  o.e.m.c.i.e.AbstractTransferListenerAdapter - Downloaded https://repo.maven.apache.org/maven2/org/junit/junit-bom/5.11.2/junit-bom-5.11.2.pom
2025-03-20 15:46:37,659 [Worker-71: Building] INFO  o.e.m.c.i.p.WorkspaceClassifierResolverManager - Resolving P/selenium-test: SIT333:selenium-test:0.0.1-SNAPSHOT with classifier  to /selenium-test/target/classes
2025-03-20 15:46:37,662 [Worker-71: Building] INFO  o.e.m.c.i.p.WorkspaceClassifierResolverManager - Resolving P/selenium-test: SIT333:selenium-test:0.0.1-SNAPSHOT with classifier  to /selenium-test/target/classes
2025-03-20 15:46:37,673 [Worker-71: Building] INFO  o.e.m.c.i.e.AbstractTransferListenerAdapter - Downloading https://repo.maven.apache.org/maven2/commons-io/commons-io/2.18.0/commons-io-2.18.0.jar
2025-03-20 15:46:37,704 [Worker-71: Building] INFO  o.e.m.c.i.e.AbstractTransferListenerAdapter - Downloaded https://repo.maven.apache.org/maven2/commons-io/commons-io/2.18.0/commons-io-2.18.0.jar
2025-03-20 15:46:37,771 [Worker-71: Building] WARN  o.a.m.s.f.DefaultMavenResourcesFiltering - Using platform encoding (UTF-8 actually) to copy filtered resources, i.e. build is platform dependent!
2025-03-20 15:46:37,772 [Worker-71: Building] INFO  o.a.m.s.f.DefaultMavenResourcesFiltering - skip non existing resourceDirectory /Users/trungquan/eclipse-workspace/SIT333/task2_1P_225054634/src/main/resources
2025-03-20 15:46:37,775 [Worker-71: Building] WARN  o.a.m.s.f.DefaultMavenResourcesFiltering - Using platform encoding (UTF-8 actually) to copy filtered resources, i.e. build is platform dependent!
2025-03-20 15:46:37,775 [Worker-71: Building] INFO  o.a.m.s.f.DefaultMavenResourcesFiltering - skip non existing resourceDirectory /Users/trungquan/eclipse-workspace/SIT333/task2_1P_225054634/src/test/resources
2025-03-20 15:46:38,773 [Worker-78: Download sources and javadoc] INFO  o.e.m.c.i.e.AbstractTransferListenerAdapter - Downloading https://repo.maven.apache.org/maven2/commons-io/commons-io/2.18.0/commons-io-2.18.0-sources.jar
2025-03-20 15:46:38,811 [Worker-78: Download sources and javadoc] INFO  o.e.m.c.i.e.AbstractTransferListenerAdapter - Downloaded https://repo.maven.apache.org/maven2/commons-io/commons-io/2.18.0/commons-io-2.18.0-sources.jar
2025-03-20 15:46:38,813 [Worker-78: Download sources and javadoc] INFO  o.e.m.j.internal.DownloadSourcesJob - Downloaded sources for commons-io:commons-io:2.18.0
2025-03-20 15:46:39,083 [Worker-78: Building] WARN  o.a.m.s.f.DefaultMavenResourcesFiltering - Using platform encoding (UTF-8 actually) to copy filtered resources, i.e. build is platform dependent!
2025-03-20 15:46:39,084 [Worker-78: Building] INFO  o.a.m.s.f.DefaultMavenResourcesFiltering - skip non existing resourceDirectory /Users/trungquan/eclipse-workspace/SIT333/task2_1P_225054634/src/main/resources
2025-03-20 15:46:39,087 [Worker-78: Building] WARN  o.a.m.s.f.DefaultMavenResourcesFiltering - Using platform encoding (UTF-8 actually) to copy filtered resources, i.e. build is platform dependent!
2025-03-20 15:46:39,087 [Worker-78: Building] INFO  o.a.m.s.f.DefaultMavenResourcesFiltering - skip non existing resourceDirectory /Users/trungquan/eclipse-workspace/SIT333/task2_1P_225054634/src/test/resources
2025-03-20 15:46:47,913 [Worker-75: Building] WARN  o.a.m.s.f.DefaultMavenResourcesFiltering - Using platform encoding (UTF-8 actually) to copy filtered resources, i.e. build is platform dependent!
2025-03-20 15:46:47,914 [Worker-75: Building] INFO  o.a.m.s.f.DefaultMavenResourcesFiltering - skip non existing resourceDirectory /Users/trungquan/eclipse-workspace/SIT333/task2_1P_225054634/src/main/resources
2025-03-20 15:46:47,916 [Worker-75: Building] WARN  o.a.m.s.f.DefaultMavenResourcesFiltering - Using platform encoding (UTF-8 actually) to copy filtered resources, i.e. build is platform dependent!
2025-03-20 15:46:47,917 [Worker-75: Building] INFO  o.a.m.s.f.DefaultMavenResourcesFiltering - skip non existing resourceDirectory /Users/trungquan/eclipse-workspace/SIT333/task2_1P_225054634/src/test/resources
2025-03-20 15:47:02,002 [Worker-78: Building] WARN  o.a.m.s.f.DefaultMavenResourcesFiltering - Using platform encoding (UTF-8 actually) to copy filtered resources, i.e. build is platform dependent!
2025-03-20 15:47:02,016 [Worker-78: Building] INFO  o.a.m.s.f.DefaultMavenResourcesFiltering - skip non existing resourceDirectory /Users/trungquan/eclipse-workspace/SIT333/task2_1P_225054634/src/main/resources
2025-03-20 15:47:02,026 [Worker-78: Building] WARN  o.a.m.s.f.DefaultMavenResourcesFiltering - Using platform encoding (UTF-8 actually) to copy filtered resources, i.e. build is platform dependent!
2025-03-20 15:47:02,028 [Worker-78: Building] INFO  o.a.m.s.f.DefaultMavenResourcesFiltering - skip non existing resourceDirectory /Users/trungquan/eclipse-workspace/SIT333/task2_1P_225054634/src/test/resources
2025-03-20 15:49:38,120 [Worker-67: Building] WARN  o.a.m.s.f.DefaultMavenResourcesFiltering - Using platform encoding (UTF-8 actually) to copy filtered resources, i.e. build is platform dependent!
2025-03-20 15:49:38,123 [Worker-67: Building] INFO  o.a.m.s.f.DefaultMavenResourcesFiltering - skip non existing resourceDirectory /Users/trungquan/eclipse-workspace/SIT333/task2_1P_225054634/src/main/resources
2025-03-20 15:49:38,125 [Worker-67: Building] WARN  o.a.m.s.f.DefaultMavenResourcesFiltering - Using platform encoding (UTF-8 actually) to copy filtered resources, i.e. build is platform dependent!
2025-03-20 15:49:38,126 [Worker-67: Building] INFO  o.a.m.s.f.DefaultMavenResourcesFiltering - skip non existing resourceDirectory /Users/trungquan/eclipse-workspace/SIT333/task2_1P_225054634/src/test/resources
2025-03-20 15:53:23,035 [Worker-78: Building] WARN  o.a.m.s.f.DefaultMavenResourcesFiltering - Using platform encoding (UTF-8 actually) to copy filtered resources, i.e. build is platform dependent!
2025-03-20 15:53:23,038 [Worker-78: Building] INFO  o.a.m.s.f.DefaultMavenResourcesFiltering - skip non existing resourceDirectory /Users/trungquan/eclipse-workspace/SIT333/task2_1P_225054634/src/main/resources
2025-03-20 15:53:23,042 [Worker-78: Building] WARN  o.a.m.s.f.DefaultMavenResourcesFiltering - Using platform encoding (UTF-8 actually) to copy filtered resources, i.e. build is platform dependent!
2025-03-20 15:53:23,043 [Worker-78: Building] INFO  o.a.m.s.f.DefaultMavenResourcesFiltering - skip non existing resourceDirectory /Users/trungquan/eclipse-workspace/SIT333/task2_1P_225054634/src/test/resources
2025-03-20 15:53:44,121 [Worker-78: Launching Main] INFO  o.e.m.c.i.p.WorkspaceClassifierResolverManager - Resolving P/selenium-test: SIT333:selenium-test:0.0.1-SNAPSHOT with classifier null to /selenium-test/target/classes
2025-03-20 15:53:44,142 [Worker-78: Launching Main] INFO  o.e.m.c.i.p.WorkspaceClassifierResolverManager - Resolving P/selenium-test: SIT333:selenium-test:0.0.1-SNAPSHOT with classifier null to /selenium-test/target/classes
2025-03-20 15:53:44,153 [Worker-78: Launching Main] INFO  o.e.m.c.i.p.WorkspaceClassifierResolverManager - Resolving P/selenium-test: SIT333:selenium-test:0.0.1-SNAPSHOT with classifier null to /selenium-test/target/classes
2025-03-20 15:53:57,384 [Worker-81: Building] WARN  o.a.m.s.f.DefaultMavenResourcesFiltering - Using platform encoding (UTF-8 actually) to copy filtered resources, i.e. build is platform dependent!
2025-03-20 15:53:57,386 [Worker-81: Building] INFO  o.a.m.s.f.DefaultMavenResourcesFiltering - skip non existing resourceDirectory /Users/trungquan/eclipse-workspace/SIT333/task2_1P_225054634/src/main/resources
2025-03-20 15:53:57,387 [Worker-81: Building] WARN  o.a.m.s.f.DefaultMavenResourcesFiltering - Using platform encoding (UTF-8 actually) to copy filtered resources, i.e. build is platform dependent!
2025-03-20 15:53:57,387 [Worker-81: Building] INFO  o.a.m.s.f.DefaultMavenResourcesFiltering - skip non existing resourceDirectory /Users/trungquan/eclipse-workspace/SIT333/task2_1P_225054634/src/test/resources
2025-03-20 15:54:00,100 [Worker-80: Launching Main] INFO  o.e.m.c.i.p.WorkspaceClassifierResolverManager - Resolving P/selenium-test: SIT333:selenium-test:0.0.1-SNAPSHOT with classifier null to /selenium-test/target/classes
2025-03-20 15:54:00,117 [Worker-80: Launching Main] INFO  o.e.m.c.i.p.WorkspaceClassifierResolverManager - Resolving P/selenium-test: SIT333:selenium-test:0.0.1-SNAPSHOT with classifier null to /selenium-test/target/classes
2025-03-20 15:54:00,133 [Worker-80: Launching Main] INFO  o.e.m.c.i.p.WorkspaceClassifierResolverManager - Resolving P/selenium-test: SIT333:selenium-test:0.0.1-SNAPSHOT with classifier null to /selenium-test/target/classes
2025-03-20 15:55:57,562 [Worker-82: Building] WARN  o.a.m.s.f.DefaultMavenResourcesFiltering - Using platform encoding (UTF-8 actually) to copy filtered resources, i.e. build is platform dependent!
2025-03-20 15:55:57,563 [Worker-82: Building] INFO  o.a.m.s.f.DefaultMavenResourcesFiltering - skip non existing resourceDirectory /Users/trungquan/eclipse-workspace/SIT333/task2_1P_225054634/src/main/resources
2025-03-20 15:55:57,565 [Worker-82: Building] WARN  o.a.m.s.f.DefaultMavenResourcesFiltering - Using platform encoding (UTF-8 actually) to copy filtered resources, i.e. build is platform dependent!
2025-03-20 15:55:57,566 [Worker-82: Building] INFO  o.a.m.s.f.DefaultMavenResourcesFiltering - skip non existing resourceDirectory /Users/trungquan/eclipse-workspace/SIT333/task2_1P_225054634/src/test/resources
2025-03-20 16:00:45,846 [Worker-81: Launching Main] WARN  o.a.m.s.f.DefaultMavenResourcesFiltering - Using platform encoding (UTF-8 actually) to copy filtered resources, i.e. build is platform dependent!
2025-03-20 16:00:45,862 [Worker-81: Launching Main] INFO  o.a.m.s.f.DefaultMavenResourcesFiltering - skip non existing resourceDirectory /Users/trungquan/eclipse-workspace/SIT333/task2_1P_225054634/src/main/resources
2025-03-20 16:00:45,870 [Worker-81: Launching Main] WARN  o.a.m.s.f.DefaultMavenResourcesFiltering - Using platform encoding (UTF-8 actually) to copy filtered resources, i.e. build is platform dependent!
2025-03-20 16:00:45,871 [Worker-81: Launching Main] INFO  o.a.m.s.f.DefaultMavenResourcesFiltering - skip non existing resourceDirectory /Users/trungquan/eclipse-workspace/SIT333/task2_1P_225054634/src/test/resources
2025-03-20 16:00:46,030 [Worker-81: Launching Main] INFO  o.e.m.c.i.p.WorkspaceClassifierResolverManager - Resolving P/selenium-test: SIT333:selenium-test:0.0.1-SNAPSHOT with classifier null to /selenium-test/target/classes
2025-03-20 16:00:46,058 [Worker-81: Launching Main] INFO  o.e.m.c.i.p.WorkspaceClassifierResolverManager - Resolving P/selenium-test: SIT333:selenium-test:0.0.1-SNAPSHOT with classifier null to /selenium-test/target/classes
2025-03-20 16:00:46,068 [Worker-81: Launching Main] INFO  o.e.m.c.i.p.WorkspaceClassifierResolverManager - Resolving P/selenium-test: SIT333:selenium-test:0.0.1-SNAPSHOT with classifier null to /selenium-test/target/classes
2025-03-20 16:02:59,139 [Worker-83: Building] WARN  o.a.m.s.f.DefaultMavenResourcesFiltering - Using platform encoding (UTF-8 actually) to copy filtered resources, i.e. build is platform dependent!
2025-03-20 16:02:59,141 [Worker-83: Building] INFO  o.a.m.s.f.DefaultMavenResourcesFiltering - skip non existing resourceDirectory /Users/trungquan/eclipse-workspace/SIT333/task2_1P_225054634/src/main/resources
2025-03-20 16:02:59,144 [Worker-83: Building] WARN  o.a.m.s.f.DefaultMavenResourcesFiltering - Using platform encoding (UTF-8 actually) to copy filtered resources, i.e. build is platform dependent!
2025-03-20 16:02:59,144 [Worker-83: Building] INFO  o.a.m.s.f.DefaultMavenResourcesFiltering - skip non existing resourceDirectory /Users/trungquan/eclipse-workspace/SIT333/task2_1P_225054634/src/test/resources
2025-03-20 16:03:03,421 [Worker-84: Launching Main] INFO  o.e.m.c.i.p.WorkspaceClassifierResolverManager - Resolving P/selenium-test: SIT333:selenium-test:0.0.1-SNAPSHOT with classifier null to /selenium-test/target/classes
2025-03-20 16:03:03,433 [Worker-84: Launching Main] INFO  o.e.m.c.i.p.WorkspaceClassifierResolverManager - Resolving P/selenium-test: SIT333:selenium-test:0.0.1-SNAPSHOT with classifier null to /selenium-test/target/classes
2025-03-20 16:03:03,445 [Worker-84: Launching Main] INFO  o.e.m.c.i.p.WorkspaceClassifierResolverManager - Resolving P/selenium-test: SIT333:selenium-test:0.0.1-SNAPSHOT with classifier null to /selenium-test/target/classes
2025-03-20 16:07:54,969 [Worker-86: Building] WARN  o.a.m.s.f.DefaultMavenResourcesFiltering - Using platform encoding (UTF-8 actually) to copy filtered resources, i.e. build is platform dependent!
2025-03-20 16:07:54,972 [Worker-86: Building] INFO  o.a.m.s.f.DefaultMavenResourcesFiltering - skip non existing resourceDirectory /Users/trungquan/eclipse-workspace/SIT333/task2_1P_225054634/src/main/resources
2025-03-20 16:07:54,975 [Worker-86: Building] WARN  o.a.m.s.f.DefaultMavenResourcesFiltering - Using platform encoding (UTF-8 actually) to copy filtered resources, i.e. build is platform dependent!
2025-03-20 16:07:54,975 [Worker-86: Building] INFO  o.a.m.s.f.DefaultMavenResourcesFiltering - skip non existing resourceDirectory /Users/trungquan/eclipse-workspace/SIT333/task2_1P_225054634/src/test/resources
2025-03-20 16:08:02,149 [Worker-80: Launching Main] INFO  o.e.m.c.i.p.WorkspaceClassifierResolverManager - Resolving P/selenium-test: SIT333:selenium-test:0.0.1-SNAPSHOT with classifier null to /selenium-test/target/classes
2025-03-20 16:08:02,164 [Worker-80: Launching Main] INFO  o.e.m.c.i.p.WorkspaceClassifierResolverManager - Resolving P/selenium-test: SIT333:selenium-test:0.0.1-SNAPSHOT with classifier null to /selenium-test/target/classes
2025-03-20 16:08:02,179 [Worker-80: Launching Main] INFO  o.e.m.c.i.p.WorkspaceClassifierResolverManager - Resolving P/selenium-test: SIT333:selenium-test:0.0.1-SNAPSHOT with classifier null to /selenium-test/target/classes
2025-03-20 16:16:39,712 [Worker-78: Building] WARN  o.a.m.s.f.DefaultMavenResourcesFiltering - Using platform encoding (UTF-8 actually) to copy filtered resources, i.e. build is platform dependent!
2025-03-20 16:16:39,714 [Worker-78: Building] INFO  o.a.m.s.f.DefaultMavenResourcesFiltering - skip non existing resourceDirectory /Users/trungquan/eclipse-workspace/SIT333/task2_1P_225054634/src/main/resources
2025-03-20 16:16:39,717 [Worker-78: Building] WARN  o.a.m.s.f.DefaultMavenResourcesFiltering - Using platform encoding (UTF-8 actually) to copy filtered resources, i.e. build is platform dependent!
2025-03-20 16:16:39,717 [Worker-78: Building] INFO  o.a.m.s.f.DefaultMavenResourcesFiltering - skip non existing resourceDirectory /Users/trungquan/eclipse-workspace/SIT333/task2_1P_225054634/src/test/resources
2025-03-20 16:16:42,269 [Worker-78: Launching Main] INFO  o.e.m.c.i.p.WorkspaceClassifierResolverManager - Resolving P/selenium-test: SIT333:selenium-test:0.0.1-SNAPSHOT with classifier null to /selenium-test/target/classes
2025-03-20 16:16:42,282 [Worker-78: Launching Main] INFO  o.e.m.c.i.p.WorkspaceClassifierResolverManager - Resolving P/selenium-test: SIT333:selenium-test:0.0.1-SNAPSHOT with classifier null to /selenium-test/target/classes
2025-03-20 16:16:42,300 [Worker-78: Launching Main] INFO  o.e.m.c.i.p.WorkspaceClassifierResolverManager - Resolving P/selenium-test: SIT333:selenium-test:0.0.1-SNAPSHOT with classifier null to /selenium-test/target/classes
2025-03-20 16:24:28,479 [Worker-87: Building] WARN  o.a.m.s.f.DefaultMavenResourcesFiltering - Using platform encoding (UTF-8 actually) to copy filtered resources, i.e. build is platform dependent!
2025-03-20 16:24:28,494 [Worker-87: Building] INFO  o.a.m.s.f.DefaultMavenResourcesFiltering - skip non existing resourceDirectory /Users/trungquan/eclipse-workspace/SIT333/task2_1P_225054634/src/main/resources
2025-03-20 16:24:28,503 [Worker-87: Building] WARN  o.a.m.s.f.DefaultMavenResourcesFiltering - Using platform encoding (UTF-8 actually) to copy filtered resources, i.e. build is platform dependent!
2025-03-20 16:24:28,505 [Worker-87: Building] INFO  o.a.m.s.f.DefaultMavenResourcesFiltering - skip non existing resourceDirectory /Users/trungquan/eclipse-workspace/SIT333/task2_1P_225054634/src/test/resources
2025-03-20 16:25:27,138 [Worker-78: Building] WARN  o.a.m.s.f.DefaultMavenResourcesFiltering - Using platform encoding (UTF-8 actually) to copy filtered resources, i.e. build is platform dependent!
2025-03-20 16:25:27,139 [Worker-78: Building] INFO  o.a.m.s.f.DefaultMavenResourcesFiltering - skip non existing resourceDirectory /Users/trungquan/eclipse-workspace/SIT333/task2_1P_225054634/src/main/resources
2025-03-20 16:25:27,141 [Worker-78: Building] WARN  o.a.m.s.f.DefaultMavenResourcesFiltering - Using platform encoding (UTF-8 actually) to copy filtered resources, i.e. build is platform dependent!
2025-03-20 16:25:27,141 [Worker-78: Building] INFO  o.a.m.s.f.DefaultMavenResourcesFiltering - skip non existing resourceDirectory /Users/trungquan/eclipse-workspace/SIT333/task2_1P_225054634/src/test/resources
2025-03-20 16:25:33,626 [Worker-87: Launching Main] INFO  o.e.m.c.i.p.WorkspaceClassifierResolverManager - Resolving P/selenium-test: SIT333:selenium-test:0.0.1-SNAPSHOT with classifier null to /selenium-test/target/classes
2025-03-20 16:25:33,647 [Worker-87: Launching Main] INFO  o.e.m.c.i.p.WorkspaceClassifierResolverManager - Resolving P/selenium-test: SIT333:selenium-test:0.0.1-SNAPSHOT with classifier null to /selenium-test/target/classes
2025-03-20 16:25:33,657 [Worker-87: Launching Main] INFO  o.e.m.c.i.p.WorkspaceClassifierResolverManager - Resolving P/selenium-test: SIT333:selenium-test:0.0.1-SNAPSHOT with classifier null to /selenium-test/target/classes
2025-03-20 16:28:24,884 [Worker-89: Building] WARN  o.a.m.s.f.DefaultMavenResourcesFiltering - Using platform encoding (UTF-8 actually) to copy filtered resources, i.e. build is platform dependent!
2025-03-20 16:28:24,886 [Worker-89: Building] INFO  o.a.m.s.f.DefaultMavenResourcesFiltering - skip non existing resourceDirectory /Users/trungquan/eclipse-workspace/SIT333/task2_1P_225054634/src/main/resources
2025-03-20 16:28:24,889 [Worker-89: Building] WARN  o.a.m.s.f.DefaultMavenResourcesFiltering - Using platform encoding (UTF-8 actually) to copy filtered resources, i.e. build is platform dependent!
2025-03-20 16:28:24,890 [Worker-89: Building] INFO  o.a.m.s.f.DefaultMavenResourcesFiltering - skip non existing resourceDirectory /Users/trungquan/eclipse-workspace/SIT333/task2_1P_225054634/src/test/resources
2025-03-20 16:28:33,210 [Worker-90: Launching Main] INFO  o.e.m.c.i.p.WorkspaceClassifierResolverManager - Resolving P/selenium-test: SIT333:selenium-test:0.0.1-SNAPSHOT with classifier null to /selenium-test/target/classes
2025-03-20 16:28:33,220 [Worker-90: Launching Main] INFO  o.e.m.c.i.p.WorkspaceClassifierResolverManager - Resolving P/selenium-test: SIT333:selenium-test:0.0.1-SNAPSHOT with classifier null to /selenium-test/target/classes
2025-03-20 16:28:33,228 [Worker-90: Launching Main] INFO  o.e.m.c.i.p.WorkspaceClassifierResolverManager - Resolving P/selenium-test: SIT333:selenium-test:0.0.1-SNAPSHOT with classifier null to /selenium-test/target/classes
2025-03-20 16:30:53,708 [Worker-90: Building] WARN  o.a.m.s.f.DefaultMavenResourcesFiltering - Using platform encoding (UTF-8 actually) to copy filtered resources, i.e. build is platform dependent!
2025-03-20 16:30:53,709 [Worker-90: Building] INFO  o.a.m.s.f.DefaultMavenResourcesFiltering - skip non existing resourceDirectory /Users/trungquan/eclipse-workspace/SIT333/task2_1P_225054634/src/main/resources
2025-03-20 16:30:53,710 [Worker-90: Building] WARN  o.a.m.s.f.DefaultMavenResourcesFiltering - Using platform encoding (UTF-8 actually) to copy filtered resources, i.e. build is platform dependent!
2025-03-20 16:30:53,711 [Worker-90: Building] INFO  o.a.m.s.f.DefaultMavenResourcesFiltering - skip non existing resourceDirectory /Users/trungquan/eclipse-workspace/SIT333/task2_1P_225054634/src/test/resources
2025-03-20 16:30:58,319 [Worker-89: Building] WARN  o.a.m.s.f.DefaultMavenResourcesFiltering - Using platform encoding (UTF-8 actually) to copy filtered resources, i.e. build is platform dependent!
2025-03-20 16:30:58,320 [Worker-89: Building] INFO  o.a.m.s.f.DefaultMavenResourcesFiltering - skip non existing resourceDirectory /Users/trungquan/eclipse-workspace/SIT333/task2_1P_225054634/src/main/resources
2025-03-20 16:30:58,321 [Worker-89: Building] WARN  o.a.m.s.f.DefaultMavenResourcesFiltering - Using platform encoding (UTF-8 actually) to copy filtered resources, i.e. build is platform dependent!
2025-03-20 16:30:58,323 [Worker-89: Building] INFO  o.a.m.s.f.DefaultMavenResourcesFiltering - skip non existing resourceDirectory /Users/trungquan/eclipse-workspace/SIT333/task2_1P_225054634/src/test/resources
2025-03-20 16:31:00,778 [Worker-86: Launching Main] INFO  o.e.m.c.i.p.WorkspaceClassifierResolverManager - Resolving P/selenium-test: SIT333:selenium-test:0.0.1-SNAPSHOT with classifier null to /selenium-test/target/classes
2025-03-20 16:31:00,791 [Worker-86: Launching Main] INFO  o.e.m.c.i.p.WorkspaceClassifierResolverManager - Resolving P/selenium-test: SIT333:selenium-test:0.0.1-SNAPSHOT with classifier null to /selenium-test/target/classes
2025-03-20 16:31:00,802 [Worker-86: Launching Main] INFO  o.e.m.c.i.p.WorkspaceClassifierResolverManager - Resolving P/selenium-test: SIT333:selenium-test:0.0.1-SNAPSHOT with classifier null to /selenium-test/target/classes
2025-03-20 16:34:51,340 [Worker-88: Building] WARN  o.a.m.s.f.DefaultMavenResourcesFiltering - Using platform encoding (UTF-8 actually) to copy filtered resources, i.e. build is platform dependent!
2025-03-20 16:34:51,344 [Worker-88: Building] INFO  o.a.m.s.f.DefaultMavenResourcesFiltering - skip non existing resourceDirectory /Users/trungquan/eclipse-workspace/SIT333/task2_1P_225054634/src/main/resources
2025-03-20 16:34:51,347 [Worker-88: Building] WARN  o.a.m.s.f.DefaultMavenResourcesFiltering - Using platform encoding (UTF-8 actually) to copy filtered resources, i.e. build is platform dependent!
2025-03-20 16:34:51,347 [Worker-88: Building] INFO  o.a.m.s.f.DefaultMavenResourcesFiltering - skip non existing resourceDirectory /Users/trungquan/eclipse-workspace/SIT333/task2_1P_225054634/src/test/resources
2025-03-20 16:34:53,383 [Worker-88: Launching Main] INFO  o.e.m.c.i.p.WorkspaceClassifierResolverManager - Resolving P/selenium-test: SIT333:selenium-test:0.0.1-SNAPSHOT with classifier null to /selenium-test/target/classes
2025-03-20 16:34:53,399 [Worker-88: Launching Main] INFO  o.e.m.c.i.p.WorkspaceClassifierResolverManager - Resolving P/selenium-test: SIT333:selenium-test:0.0.1-SNAPSHOT with classifier null to /selenium-test/target/classes
2025-03-20 16:34:53,484 [Worker-88: Launching Main] INFO  o.e.m.c.i.p.WorkspaceClassifierResolverManager - Resolving P/selenium-test: SIT333:selenium-test:0.0.1-SNAPSHOT with classifier null to /selenium-test/target/classes
2025-03-20 16:36:26,559 [Worker-91: Building] WARN  o.a.m.s.f.DefaultMavenResourcesFiltering - Using platform encoding (UTF-8 actually) to copy filtered resources, i.e. build is platform dependent!
2025-03-20 16:36:26,600 [Worker-91: Building] INFO  o.a.m.s.f.DefaultMavenResourcesFiltering - skip non existing resourceDirectory /Users/trungquan/eclipse-workspace/SIT333/task2_1P_225054634/src/main/resources
2025-03-20 16:36:26,611 [Worker-91: Building] WARN  o.a.m.s.f.DefaultMavenResourcesFiltering - Using platform encoding (UTF-8 actually) to copy filtered resources, i.e. build is platform dependent!
2025-03-20 16:36:26,614 [Worker-91: Building] INFO  o.a.m.s.f.DefaultMavenResourcesFiltering - skip non existing resourceDirectory /Users/trungquan/eclipse-workspace/SIT333/task2_1P_225054634/src/test/resources
2025-03-20 16:38:37,918 [Worker-88: Building] WARN  o.a.m.s.f.DefaultMavenResourcesFiltering - Using platform encoding (UTF-8 actually) to copy filtered resources, i.e. build is platform dependent!
2025-03-20 16:38:37,921 [Worker-88: Building] INFO  o.a.m.s.f.DefaultMavenResourcesFiltering - skip non existing resourceDirectory /Users/trungquan/eclipse-workspace/SIT333/task2_1P_225054634/src/main/resources
2025-03-20 16:38:37,923 [Worker-88: Building] WARN  o.a.m.s.f.DefaultMavenResourcesFiltering - Using platform encoding (UTF-8 actually) to copy filtered resources, i.e. build is platform dependent!
2025-03-20 16:38:37,923 [Worker-88: Building] INFO  o.a.m.s.f.DefaultMavenResourcesFiltering - skip non existing resourceDirectory /Users/trungquan/eclipse-workspace/SIT333/task2_1P_225054634/src/test/resources
2025-03-20 16:38:43,343 [Worker-89: Launching Main] INFO  o.e.m.c.i.p.WorkspaceClassifierResolverManager - Resolving P/selenium-test: SIT333:selenium-test:0.0.1-SNAPSHOT with classifier null to /selenium-test/target/classes
2025-03-20 16:38:43,363 [Worker-89: Launching Main] INFO  o.e.m.c.i.p.WorkspaceClassifierResolverManager - Resolving P/selenium-test: SIT333:selenium-test:0.0.1-SNAPSHOT with classifier null to /selenium-test/target/classes
2025-03-20 16:38:43,372 [Worker-89: Launching Main] INFO  o.e.m.c.i.p.WorkspaceClassifierResolverManager - Resolving P/selenium-test: SIT333:selenium-test:0.0.1-SNAPSHOT with classifier null to /selenium-test/target/classes
2025-03-20 16:44:50,115 [Worker-86: Building] WARN  o.a.m.s.f.DefaultMavenResourcesFiltering - Using platform encoding (UTF-8 actually) to copy filtered resources, i.e. build is platform dependent!
2025-03-20 16:44:50,152 [Worker-86: Building] INFO  o.a.m.s.f.DefaultMavenResourcesFiltering - skip non existing resourceDirectory /Users/trungquan/eclipse-workspace/SIT333/task2_1P_225054634/src/main/resources
2025-03-20 16:44:50,171 [Worker-86: Building] WARN  o.a.m.s.f.DefaultMavenResourcesFiltering - Using platform encoding (UTF-8 actually) to copy filtered resources, i.e. build is platform dependent!
2025-03-20 16:44:50,173 [Worker-86: Building] INFO  o.a.m.s.f.DefaultMavenResourcesFiltering - skip non existing resourceDirectory /Users/trungquan/eclipse-workspace/SIT333/task2_1P_225054634/src/test/resources
2025-03-20 16:45:10,333 [Worker-87: Building] WARN  o.a.m.s.f.DefaultMavenResourcesFiltering - Using platform encoding (UTF-8 actually) to copy filtered resources, i.e. build is platform dependent!
2025-03-20 16:45:10,335 [Worker-87: Building] INFO  o.a.m.s.f.DefaultMavenResourcesFiltering - skip non existing resourceDirectory /Users/trungquan/eclipse-workspace/SIT333/task2_1P_225054634/src/main/resources
2025-03-20 16:45:10,336 [Worker-87: Building] WARN  o.a.m.s.f.DefaultMavenResourcesFiltering - Using platform encoding (UTF-8 actually) to copy filtered resources, i.e. build is platform dependent!
2025-03-20 16:45:10,337 [Worker-87: Building] INFO  o.a.m.s.f.DefaultMavenResourcesFiltering - skip non existing resourceDirectory /Users/trungquan/eclipse-workspace/SIT333/task2_1P_225054634/src/test/resources
2025-03-20 16:45:27,174 [Worker-89: Building] WARN  o.a.m.s.f.DefaultMavenResourcesFiltering - Using platform encoding (UTF-8 actually) to copy filtered resources, i.e. build is platform dependent!
2025-03-20 16:45:27,176 [Worker-89: Building] INFO  o.a.m.s.f.DefaultMavenResourcesFiltering - skip non existing resourceDirectory /Users/trungquan/eclipse-workspace/SIT333/task2_1P_225054634/src/main/resources
2025-03-20 16:45:27,178 [Worker-89: Building] WARN  o.a.m.s.f.DefaultMavenResourcesFiltering - Using platform encoding (UTF-8 actually) to copy filtered resources, i.e. build is platform dependent!
2025-03-20 16:45:27,179 [Worker-89: Building] INFO  o.a.m.s.f.DefaultMavenResourcesFiltering - skip non existing resourceDirectory /Users/trungquan/eclipse-workspace/SIT333/task2_1P_225054634/src/test/resources
2025-03-20 16:45:29,224 [Worker-89: Launching Main] INFO  o.e.m.c.i.p.WorkspaceClassifierResolverManager - Resolving P/selenium-test: SIT333:selenium-test:0.0.1-SNAPSHOT with classifier null to /selenium-test/target/classes
2025-03-20 16:45:29,241 [Worker-89: Launching Main] INFO  o.e.m.c.i.p.WorkspaceClassifierResolverManager - Resolving P/selenium-test: SIT333:selenium-test:0.0.1-SNAPSHOT with classifier null to /selenium-test/target/classes
2025-03-20 16:45:29,250 [Worker-89: Launching Main] INFO  o.e.m.c.i.p.WorkspaceClassifierResolverManager - Resolving P/selenium-test: SIT333:selenium-test:0.0.1-SNAPSHOT with classifier null to /selenium-test/target/classes
2025-03-20 16:47:48,726 [Worker-87: Building] WARN  o.a.m.s.f.DefaultMavenResourcesFiltering - Using platform encoding (UTF-8 actually) to copy filtered resources, i.e. build is platform dependent!
2025-03-20 16:47:48,728 [Worker-87: Building] INFO  o.a.m.s.f.DefaultMavenResourcesFiltering - skip non existing resourceDirectory /Users/trungquan/eclipse-workspace/SIT333/task2_1P_225054634/src/main/resources
2025-03-20 16:47:48,729 [Worker-87: Building] WARN  o.a.m.s.f.DefaultMavenResourcesFiltering - Using platform encoding (UTF-8 actually) to copy filtered resources, i.e. build is platform dependent!
2025-03-20 16:47:48,730 [Worker-87: Building] INFO  o.a.m.s.f.DefaultMavenResourcesFiltering - skip non existing resourceDirectory /Users/trungquan/eclipse-workspace/SIT333/task2_1P_225054634/src/test/resources
2025-03-20 16:47:52,749 [Worker-87: Launching Main] INFO  o.e.m.c.i.p.WorkspaceClassifierResolverManager - Resolving P/selenium-test: SIT333:selenium-test:0.0.1-SNAPSHOT with classifier null to /selenium-test/target/classes
2025-03-20 16:47:52,760 [Worker-87: Launching Main] INFO  o.e.m.c.i.p.WorkspaceClassifierResolverManager - Resolving P/selenium-test: SIT333:selenium-test:0.0.1-SNAPSHOT with classifier null to /selenium-test/target/classes
2025-03-20 16:47:52,769 [Worker-87: Launching Main] INFO  o.e.m.c.i.p.WorkspaceClassifierResolverManager - Resolving P/selenium-test: SIT333:selenium-test:0.0.1-SNAPSHOT with classifier null to /selenium-test/target/classes
2025-03-20 16:49:21,248 [Worker-92: Building] WARN  o.a.m.s.f.DefaultMavenResourcesFiltering - Using platform encoding (UTF-8 actually) to copy filtered resources, i.e. build is platform dependent!
2025-03-20 16:49:21,251 [Worker-92: Building] INFO  o.a.m.s.f.DefaultMavenResourcesFiltering - skip non existing resourceDirectory /Users/trungquan/eclipse-workspace/SIT333/task2_1P_225054634/src/main/resources
2025-03-20 16:49:21,252 [Worker-92: Building] WARN  o.a.m.s.f.DefaultMavenResourcesFiltering - Using platform encoding (UTF-8 actually) to copy filtered resources, i.e. build is platform dependent!
2025-03-20 16:49:21,252 [Worker-92: Building] INFO  o.a.m.s.f.DefaultMavenResourcesFiltering - skip non existing resourceDirectory /Users/trungquan/eclipse-workspace/SIT333/task2_1P_225054634/src/test/resources
2025-03-20 16:50:33,331 [Worker-89: Building] WARN  o.a.m.s.f.DefaultMavenResourcesFiltering - Using platform encoding (UTF-8 actually) to copy filtered resources, i.e. build is platform dependent!
2025-03-20 16:50:33,334 [Worker-89: Building] INFO  o.a.m.s.f.DefaultMavenResourcesFiltering - skip non existing resourceDirectory /Users/trungquan/eclipse-workspace/SIT333/task2_1P_225054634/src/main/resources
2025-03-20 16:50:33,337 [Worker-89: Building] WARN  o.a.m.s.f.DefaultMavenResourcesFiltering - Using platform encoding (UTF-8 actually) to copy filtered resources, i.e. build is platform dependent!
2025-03-20 16:50:33,337 [Worker-89: Building] INFO  o.a.m.s.f.DefaultMavenResourcesFiltering - skip non existing resourceDirectory /Users/trungquan/eclipse-workspace/SIT333/task2_1P_225054634/src/test/resources
2025-03-20 16:50:36,726 [Worker-89: Launching Main] INFO  o.e.m.c.i.p.WorkspaceClassifierResolverManager - Resolving P/selenium-test: SIT333:selenium-test:0.0.1-SNAPSHOT with classifier null to /selenium-test/target/classes
2025-03-20 16:50:36,736 [Worker-89: Launching Main] INFO  o.e.m.c.i.p.WorkspaceClassifierResolverManager - Resolving P/selenium-test: SIT333:selenium-test:0.0.1-SNAPSHOT with classifier null to /selenium-test/target/classes
2025-03-20 16:50:36,745 [Worker-89: Launching Main] INFO  o.e.m.c.i.p.WorkspaceClassifierResolverManager - Resolving P/selenium-test: SIT333:selenium-test:0.0.1-SNAPSHOT with classifier null to /selenium-test/target/classes
2025-03-20 16:54:10,094 [Worker-89: Building] WARN  o.a.m.s.f.DefaultMavenResourcesFiltering - Using platform encoding (UTF-8 actually) to copy filtered resources, i.e. build is platform dependent!
2025-03-20 16:54:10,117 [Worker-89: Building] INFO  o.a.m.s.f.DefaultMavenResourcesFiltering - skip non existing resourceDirectory /Users/trungquan/eclipse-workspace/SIT333/task2_1P_225054634/src/main/resources
2025-03-20 16:54:10,128 [Worker-89: Building] WARN  o.a.m.s.f.DefaultMavenResourcesFiltering - Using platform encoding (UTF-8 actually) to copy filtered resources, i.e. build is platform dependent!
2025-03-20 16:54:10,129 [Worker-89: Building] INFO  o.a.m.s.f.DefaultMavenResourcesFiltering - skip non existing resourceDirectory /Users/trungquan/eclipse-workspace/SIT333/task2_1P_225054634/src/test/resources
2025-03-20 16:54:29,989 [Worker-92: Building] WARN  o.a.m.s.f.DefaultMavenResourcesFiltering - Using platform encoding (UTF-8 actually) to copy filtered resources, i.e. build is platform dependent!
2025-03-20 16:54:29,990 [Worker-92: Building] INFO  o.a.m.s.f.DefaultMavenResourcesFiltering - skip non existing resourceDirectory /Users/trungquan/eclipse-workspace/SIT333/task2_1P_225054634/src/main/resources
2025-03-20 16:54:29,991 [Worker-92: Building] WARN  o.a.m.s.f.DefaultMavenResourcesFiltering - Using platform encoding (UTF-8 actually) to copy filtered resources, i.e. build is platform dependent!
2025-03-20 16:54:29,992 [Worker-92: Building] INFO  o.a.m.s.f.DefaultMavenResourcesFiltering - skip non existing resourceDirectory /Users/trungquan/eclipse-workspace/SIT333/task2_1P_225054634/src/test/resources
2025-03-20 16:54:34,517 [Worker-94: Building] WARN  o.a.m.s.f.DefaultMavenResourcesFiltering - Using platform encoding (UTF-8 actually) to copy filtered resources, i.e. build is platform dependent!
2025-03-20 16:54:34,518 [Worker-94: Building] INFO  o.a.m.s.f.DefaultMavenResourcesFiltering - skip non existing resourceDirectory /Users/trungquan/eclipse-workspace/SIT333/task2_1P_225054634/src/main/resources
2025-03-20 16:54:34,520 [Worker-94: Building] WARN  o.a.m.s.f.DefaultMavenResourcesFiltering - Using platform encoding (UTF-8 actually) to copy filtered resources, i.e. build is platform dependent!
2025-03-20 16:54:34,520 [Worker-94: Building] INFO  o.a.m.s.f.DefaultMavenResourcesFiltering - skip non existing resourceDirectory /Users/trungquan/eclipse-workspace/SIT333/task2_1P_225054634/src/test/resources
2025-03-20 16:54:43,066 [Worker-94: Building] WARN  o.a.m.s.f.DefaultMavenResourcesFiltering - Using platform encoding (UTF-8 actually) to copy filtered resources, i.e. build is platform dependent!
2025-03-20 16:54:43,067 [Worker-94: Building] INFO  o.a.m.s.f.DefaultMavenResourcesFiltering - skip non existing resourceDirectory /Users/trungquan/eclipse-workspace/SIT333/task2_1P_225054634/src/main/resources
2025-03-20 16:54:43,069 [Worker-94: Building] WARN  o.a.m.s.f.DefaultMavenResourcesFiltering - Using platform encoding (UTF-8 actually) to copy filtered resources, i.e. build is platform dependent!
2025-03-20 16:54:43,069 [Worker-94: Building] INFO  o.a.m.s.f.DefaultMavenResourcesFiltering - skip non existing resourceDirectory /Users/trungquan/eclipse-workspace/SIT333/task2_1P_225054634/src/test/resources
2025-03-20 16:54:44,623 [Worker-86: Launching Main] INFO  o.e.m.c.i.p.WorkspaceClassifierResolverManager - Resolving P/selenium-test: SIT333:selenium-test:0.0.1-SNAPSHOT with classifier null to /selenium-test/target/classes
2025-03-20 16:54:44,641 [Worker-86: Launching Main] INFO  o.e.m.c.i.p.WorkspaceClassifierResolverManager - Resolving P/selenium-test: SIT333:selenium-test:0.0.1-SNAPSHOT with classifier null to /selenium-test/target/classes
2025-03-20 16:54:44,651 [Worker-86: Launching Main] INFO  o.e.m.c.i.p.WorkspaceClassifierResolverManager - Resolving P/selenium-test: SIT333:selenium-test:0.0.1-SNAPSHOT with classifier null to /selenium-test/target/classes
2025-03-20 16:56:58,160 [Worker-87: Building] WARN  o.a.m.s.f.DefaultMavenResourcesFiltering - Using platform encoding (UTF-8 actually) to copy filtered resources, i.e. build is platform dependent!
2025-03-20 16:56:58,161 [Worker-87: Building] INFO  o.a.m.s.f.DefaultMavenResourcesFiltering - skip non existing resourceDirectory /Users/trungquan/eclipse-workspace/SIT333/task2_1P_225054634/src/main/resources
2025-03-20 16:56:58,163 [Worker-87: Building] WARN  o.a.m.s.f.DefaultMavenResourcesFiltering - Using platform encoding (UTF-8 actually) to copy filtered resources, i.e. build is platform dependent!
2025-03-20 16:56:58,163 [Worker-87: Building] INFO  o.a.m.s.f.DefaultMavenResourcesFiltering - skip non existing resourceDirectory /Users/trungquan/eclipse-workspace/SIT333/task2_1P_225054634/src/test/resources
2025-03-20 16:57:16,097 [Worker-86: Building] WARN  o.a.m.s.f.DefaultMavenResourcesFiltering - Using platform encoding (UTF-8 actually) to copy filtered resources, i.e. build is platform dependent!
2025-03-20 16:57:16,134 [Worker-86: Building] INFO  o.a.m.s.f.DefaultMavenResourcesFiltering - skip non existing resourceDirectory /Users/trungquan/eclipse-workspace/SIT333/task2_1P_225054634/src/main/resources
2025-03-20 16:57:16,152 [Worker-86: Building] WARN  o.a.m.s.f.DefaultMavenResourcesFiltering - Using platform encoding (UTF-8 actually) to copy filtered resources, i.e. build is platform dependent!
2025-03-20 16:57:16,156 [Worker-86: Building] INFO  o.a.m.s.f.DefaultMavenResourcesFiltering - skip non existing resourceDirectory /Users/trungquan/eclipse-workspace/SIT333/task2_1P_225054634/src/test/resources
2025-03-20 16:57:24,201 [Worker-92: Building] WARN  o.a.m.s.f.DefaultMavenResourcesFiltering - Using platform encoding (UTF-8 actually) to copy filtered resources, i.e. build is platform dependent!
2025-03-20 16:57:24,203 [Worker-92: Building] INFO  o.a.m.s.f.DefaultMavenResourcesFiltering - skip non existing resourceDirectory /Users/trungquan/eclipse-workspace/SIT333/task2_1P_225054634/src/main/resources
2025-03-20 16:57:24,203 [Worker-92: Building] WARN  o.a.m.s.f.DefaultMavenResourcesFiltering - Using platform encoding (UTF-8 actually) to copy filtered resources, i.e. build is platform dependent!
2025-03-20 16:57:24,204 [Worker-92: Building] INFO  o.a.m.s.f.DefaultMavenResourcesFiltering - skip non existing resourceDirectory /Users/trungquan/eclipse-workspace/SIT333/task2_1P_225054634/src/test/resources
2025-03-20 16:57:26,038 [Worker-86: Launching Main] INFO  o.e.m.c.i.p.WorkspaceClassifierResolverManager - Resolving P/selenium-test: SIT333:selenium-test:0.0.1-SNAPSHOT with classifier null to /selenium-test/target/classes
2025-03-20 16:57:26,054 [Worker-86: Launching Main] INFO  o.e.m.c.i.p.WorkspaceClassifierResolverManager - Resolving P/selenium-test: SIT333:selenium-test:0.0.1-SNAPSHOT with classifier null to /selenium-test/target/classes
2025-03-20 16:57:26,062 [Worker-86: Launching Main] INFO  o.e.m.c.i.p.WorkspaceClassifierResolverManager - Resolving P/selenium-test: SIT333:selenium-test:0.0.1-SNAPSHOT with classifier null to /selenium-test/target/classes
2025-03-20 16:59:56,070 [Worker-92: Launching Main] INFO  o.e.m.c.i.p.WorkspaceClassifierResolverManager - Resolving P/selenium-test: SIT333:selenium-test:0.0.1-SNAPSHOT with classifier null to /selenium-test/target/classes
2025-03-20 16:59:56,082 [Worker-92: Launching Main] INFO  o.e.m.c.i.p.WorkspaceClassifierResolverManager - Resolving P/selenium-test: SIT333:selenium-test:0.0.1-SNAPSHOT with classifier null to /selenium-test/target/classes
2025-03-20 16:59:56,092 [Worker-92: Launching Main] INFO  o.e.m.c.i.p.WorkspaceClassifierResolverManager - Resolving P/selenium-test: SIT333:selenium-test:0.0.1-SNAPSHOT with classifier null to /selenium-test/target/classes
2025-03-20 17:11:51,105 [Worker-4: Loading available Gradle versions] INFO  o.e.b.c.i.u.g.PublishedGradleVersions - Gradle version information cache is out-of-date. Trying to update.
2025-03-20 17:48:29,033 [Worker-45: Building] INFO  o.e.m.c.i.p.WorkspaceClassifierResolverManager - Resolving P/selenium-test: SIT333:selenium-test:0.0.1-SNAPSHOT with classifier  to /selenium-test/target/classes
2025-03-20 17:48:29,520 [Worker-45: Building] WARN  o.a.m.s.f.DefaultMavenResourcesFiltering - Using platform encoding (UTF-8 actually) to copy filtered resources, i.e. build is platform dependent!
2025-03-20 17:48:29,521 [Worker-45: Building] INFO  o.a.m.s.f.DefaultMavenResourcesFiltering - skip non existing resourceDirectory /Users/trungquan/eclipse-workspace/SIT333/task2_1P_225054634/src/main/resources
2025-03-20 17:48:29,529 [Worker-45: Building] WARN  o.a.m.s.f.DefaultMavenResourcesFiltering - Using platform encoding (UTF-8 actually) to copy filtered resources, i.e. build is platform dependent!
2025-03-20 17:48:29,529 [Worker-45: Building] INFO  o.a.m.s.f.DefaultMavenResourcesFiltering - skip non existing resourceDirectory /Users/trungquan/eclipse-workspace/SIT333/task2_1P_225054634/src/test/resources
2025-03-20 17:48:58,368 [Worker-45: Building] WARN  o.a.m.s.f.DefaultMavenResourcesFiltering - Using platform encoding (UTF-8 actually) to copy filtered resources, i.e. build is platform dependent!
2025-03-20 17:48:58,370 [Worker-45: Building] INFO  o.a.m.s.f.DefaultMavenResourcesFiltering - skip non existing resourceDirectory /Users/trungquan/eclipse-workspace/SIT333/task2_1P_225054634/src/main/resources
2025-03-20 17:48:58,377 [Worker-45: Building] WARN  o.a.m.s.f.DefaultMavenResourcesFiltering - Using platform encoding (UTF-8 actually) to copy filtered resources, i.e. build is platform dependent!
2025-03-20 17:48:58,377 [Worker-45: Building] INFO  o.a.m.s.f.DefaultMavenResourcesFiltering - skip non existing resourceDirectory /Users/trungquan/eclipse-workspace/SIT333/task2_1P_225054634/src/test/resources
2025-03-20 17:49:08,186 [Worker-45: Building] WARN  o.a.m.s.f.DefaultMavenResourcesFiltering - Using platform encoding (UTF-8 actually) to copy filtered resources, i.e. build is platform dependent!
2025-03-20 17:49:08,187 [Worker-45: Building] INFO  o.a.m.s.f.DefaultMavenResourcesFiltering - skip non existing resourceDirectory /Users/trungquan/eclipse-workspace/SIT333/task2_1P_225054634/src/main/resources
2025-03-20 17:49:08,189 [Worker-45: Building] WARN  o.a.m.s.f.DefaultMavenResourcesFiltering - Using platform encoding (UTF-8 actually) to copy filtered resources, i.e. build is platform dependent!
2025-03-20 17:49:08,189 [Worker-45: Building] INFO  o.a.m.s.f.DefaultMavenResourcesFiltering - skip non existing resourceDirectory /Users/trungquan/eclipse-workspace/SIT333/task2_1P_225054634/src/test/resources
2025-03-20 17:52:12,355 [Worker-51: Building] WARN  o.a.m.s.f.DefaultMavenResourcesFiltering - Using platform encoding (UTF-8 actually) to copy filtered resources, i.e. build is platform dependent!
2025-03-20 17:52:12,360 [Worker-51: Building] INFO  o.a.m.s.f.DefaultMavenResourcesFiltering - skip non existing resourceDirectory /Users/trungquan/eclipse-workspace/SIT333/task2_1P_225054634/src/main/resources
2025-03-20 17:52:12,366 [Worker-51: Building] WARN  o.a.m.s.f.DefaultMavenResourcesFiltering - Using platform encoding (UTF-8 actually) to copy filtered resources, i.e. build is platform dependent!
2025-03-20 17:52:12,367 [Worker-51: Building] INFO  o.a.m.s.f.DefaultMavenResourcesFiltering - skip non existing resourceDirectory /Users/trungquan/eclipse-workspace/SIT333/task2_1P_225054634/src/test/resources
2025-03-20 17:53:35,871 [Worker-50: Building] WARN  o.a.m.s.f.DefaultMavenResourcesFiltering - Using platform encoding (UTF-8 actually) to copy filtered resources, i.e. build is platform dependent!
2025-03-20 17:53:35,872 [Worker-50: Building] INFO  o.a.m.s.f.DefaultMavenResourcesFiltering - skip non existing resourceDirectory /Users/trungquan/eclipse-workspace/SIT333/task2_1P_225054634/src/main/resources
2025-03-20 17:53:35,873 [Worker-50: Building] WARN  o.a.m.s.f.DefaultMavenResourcesFiltering - Using platform encoding (UTF-8 actually) to copy filtered resources, i.e. build is platform dependent!
2025-03-20 17:53:35,874 [Worker-50: Building] INFO  o.a.m.s.f.DefaultMavenResourcesFiltering - skip non existing resourceDirectory /Users/trungquan/eclipse-workspace/SIT333/task2_1P_225054634/src/test/resources
2025-03-20 17:53:50,561 [Worker-50: Building] WARN  o.a.m.s.f.DefaultMavenResourcesFiltering - Using platform encoding (UTF-8 actually) to copy filtered resources, i.e. build is platform dependent!
2025-03-20 17:53:50,562 [Worker-50: Building] INFO  o.a.m.s.f.DefaultMavenResourcesFiltering - skip non existing resourceDirectory /Users/trungquan/eclipse-workspace/SIT333/task2_1P_225054634/src/main/resources
2025-03-20 17:53:50,565 [Worker-50: Building] WARN  o.a.m.s.f.DefaultMavenResourcesFiltering - Using platform encoding (UTF-8 actually) to copy filtered resources, i.e. build is platform dependent!
2025-03-20 17:53:50,565 [Worker-50: Building] INFO  o.a.m.s.f.DefaultMavenResourcesFiltering - skip non existing resourceDirectory /Users/trungquan/eclipse-workspace/SIT333/task2_1P_225054634/src/test/resources
2025-03-20 17:54:03,799 [Worker-50: Building] WARN  o.a.m.s.f.DefaultMavenResourcesFiltering - Using platform encoding (UTF-8 actually) to copy filtered resources, i.e. build is platform dependent!
2025-03-20 17:54:03,800 [Worker-50: Building] INFO  o.a.m.s.f.DefaultMavenResourcesFiltering - skip non existing resourceDirectory /Users/trungquan/eclipse-workspace/SIT333/task2_1P_225054634/src/main/resources
2025-03-20 17:54:03,806 [Worker-50: Building] WARN  o.a.m.s.f.DefaultMavenResourcesFiltering - Using platform encoding (UTF-8 actually) to copy filtered resources, i.e. build is platform dependent!
2025-03-20 17:54:03,806 [Worker-50: Building] INFO  o.a.m.s.f.DefaultMavenResourcesFiltering - skip non existing resourceDirectory /Users/trungquan/eclipse-workspace/SIT333/task2_1P_225054634/src/test/resources
2025-03-20 17:54:23,516 [Worker-53: Building] WARN  o.a.m.s.f.DefaultMavenResourcesFiltering - Using platform encoding (UTF-8 actually) to copy filtered resources, i.e. build is platform dependent!
2025-03-20 17:54:23,516 [Worker-53: Building] INFO  o.a.m.s.f.DefaultMavenResourcesFiltering - skip non existing resourceDirectory /Users/trungquan/eclipse-workspace/SIT333/task2_1P_225054634/src/main/resources
2025-03-20 17:54:23,518 [Worker-53: Building] WARN  o.a.m.s.f.DefaultMavenResourcesFiltering - Using platform encoding (UTF-8 actually) to copy filtered resources, i.e. build is platform dependent!
2025-03-20 17:54:23,518 [Worker-53: Building] INFO  o.a.m.s.f.DefaultMavenResourcesFiltering - skip non existing resourceDirectory /Users/trungquan/eclipse-workspace/SIT333/task2_1P_225054634/src/test/resources
2025-03-20 17:54:39,814 [Worker-50: Building] WARN  o.a.m.s.f.DefaultMavenResourcesFiltering - Using platform encoding (UTF-8 actually) to copy filtered resources, i.e. build is platform dependent!
2025-03-20 17:54:39,833 [Worker-50: Building] INFO  o.a.m.s.f.DefaultMavenResourcesFiltering - skip non existing resourceDirectory /Users/trungquan/eclipse-workspace/SIT333/task2_1P_225054634/src/main/resources
2025-03-20 17:54:39,862 [Worker-50: Building] WARN  o.a.m.s.f.DefaultMavenResourcesFiltering - Using platform encoding (UTF-8 actually) to copy filtered resources, i.e. build is platform dependent!
2025-03-20 17:54:39,865 [Worker-50: Building] INFO  o.a.m.s.f.DefaultMavenResourcesFiltering - skip non existing resourceDirectory /Users/trungquan/eclipse-workspace/SIT333/task2_1P_225054634/src/test/resources
2025-03-20 17:54:52,143 [Worker-50: Building] WARN  o.a.m.s.f.DefaultMavenResourcesFiltering - Using platform encoding (UTF-8 actually) to copy filtered resources, i.e. build is platform dependent!
2025-03-20 17:54:52,145 [Worker-50: Building] INFO  o.a.m.s.f.DefaultMavenResourcesFiltering - skip non existing resourceDirectory /Users/trungquan/eclipse-workspace/SIT333/task2_1P_225054634/src/main/resources
2025-03-20 17:54:52,150 [Worker-50: Building] WARN  o.a.m.s.f.DefaultMavenResourcesFiltering - Using platform encoding (UTF-8 actually) to copy filtered resources, i.e. build is platform dependent!
2025-03-20 17:54:52,151 [Worker-50: Building] INFO  o.a.m.s.f.DefaultMavenResourcesFiltering - skip non existing resourceDirectory /Users/trungquan/eclipse-workspace/SIT333/task2_1P_225054634/src/test/resources
2025-03-20 17:54:54,316 [Worker-50: Launching Main] INFO  o.e.m.c.i.p.WorkspaceClassifierResolverManager - Resolving P/selenium-test: SIT333:selenium-test:0.0.1-SNAPSHOT with classifier null to /selenium-test/target/classes
2025-03-20 17:54:54,340 [Worker-50: Launching Main] INFO  o.e.m.c.i.p.WorkspaceClassifierResolverManager - Resolving P/selenium-test: SIT333:selenium-test:0.0.1-SNAPSHOT with classifier null to /selenium-test/target/classes
2025-03-20 17:54:54,358 [Worker-50: Launching Main] INFO  o.e.m.c.i.p.WorkspaceClassifierResolverManager - Resolving P/selenium-test: SIT333:selenium-test:0.0.1-SNAPSHOT with classifier null to /selenium-test/target/classes
2025-03-20 17:56:05,578 [Worker-51: Building] WARN  o.a.m.s.f.DefaultMavenResourcesFiltering - Using platform encoding (UTF-8 actually) to copy filtered resources, i.e. build is platform dependent!
2025-03-20 17:56:05,580 [Worker-51: Building] INFO  o.a.m.s.f.DefaultMavenResourcesFiltering - skip non existing resourceDirectory /Users/trungquan/eclipse-workspace/SIT333/task2_1P_225054634/src/main/resources
2025-03-20 17:56:05,582 [Worker-51: Building] WARN  o.a.m.s.f.DefaultMavenResourcesFiltering - Using platform encoding (UTF-8 actually) to copy filtered resources, i.e. build is platform dependent!
2025-03-20 17:56:05,582 [Worker-51: Building] INFO  o.a.m.s.f.DefaultMavenResourcesFiltering - skip non existing resourceDirectory /Users/trungquan/eclipse-workspace/SIT333/task2_1P_225054634/src/test/resources
2025-03-21 13:14:31,883 [Worker-55: Importing Maven projects] INFO  o.e.m.c.i.l.LifecycleMappingFactory - Using org.eclipse.m2e.jdt.JarLifecycleMapping lifecycle mapping for MavenProject: sit707_tasks:task1_2P:0.0.1-SNAPSHOT @ /Users/trungquan/Deakin/Software Quality and Testing/OnTrack/1.2P/task1_2P/pom.xml.
2025-03-21 13:14:32,109 [Worker-55: Importing Maven projects] INFO  o.e.m.j.i.AbstractJavaProjectConfigurator - Adding source folder /task1_2P/src/main/java
2025-03-21 13:14:32,111 [Worker-55: Importing Maven projects] INFO  o.e.m.j.i.AbstractJavaProjectConfigurator - Adding resource folder /task1_2P/src/main/resources
2025-03-21 13:14:32,111 [Worker-55: Importing Maven projects] INFO  o.e.m.j.i.AbstractJavaProjectConfigurator - Adding source folder /task1_2P/src/test/java
2025-03-21 13:14:32,112 [Worker-55: Importing Maven projects] INFO  o.e.m.j.i.AbstractJavaProjectConfigurator - Adding resource folder /task1_2P/src/test/resources
2025-03-21 13:14:32,186 [Worker-55: Importing Maven projects] INFO  o.e.m.c.i.p.ProjectConfigurationManager - Imported and configured 1 project(s) in 0 sec
2025-03-21 13:14:32,686 [Worker-60: Building] WARN  o.a.m.s.f.DefaultMavenResourcesFiltering - Using platform encoding (UTF-8 actually) to copy filtered resources, i.e. build is platform dependent!
2025-03-21 13:14:32,689 [Worker-60: Building] INFO  o.a.m.s.f.DefaultMavenResourcesFiltering - Copying 0 resource from src/main/resources to target/classes
2025-03-21 13:14:32,692 [Worker-60: Building] WARN  o.a.m.s.f.DefaultMavenResourcesFiltering - Using platform encoding (UTF-8 actually) to copy filtered resources, i.e. build is platform dependent!
2025-03-21 13:14:32,693 [Worker-60: Building] INFO  o.a.m.s.f.DefaultMavenResourcesFiltering - Copying 0 resource from src/test/resources to target/test-classes
2025-03-21 13:18:13,349 [Worker-63: Building] WARN  o.a.m.s.f.DefaultMavenResourcesFiltering - Using platform encoding (UTF-8 actually) to copy filtered resources, i.e. build is platform dependent!
2025-03-21 13:18:13,352 [Worker-63: Building] INFO  o.a.m.s.f.DefaultMavenResourcesFiltering - Copying 0 resource from src/main/resources to target/classes
2025-03-21 13:18:13,355 [Worker-63: Building] WARN  o.a.m.s.f.DefaultMavenResourcesFiltering - Using platform encoding (UTF-8 actually) to copy filtered resources, i.e. build is platform dependent!
2025-03-21 13:18:13,356 [Worker-63: Building] INFO  o.a.m.s.f.DefaultMavenResourcesFiltering - Copying 0 resource from src/test/resources to target/test-classes
2025-03-21 13:18:21,772 [Worker-63: Launching Main] INFO  o.e.m.c.i.p.WorkspaceClassifierResolverManager - Resolving P/selenium-test: SIT333:selenium-test:0.0.1-SNAPSHOT with classifier null to /selenium-test/target/classes
2025-03-21 13:18:21,798 [Worker-63: Launching Main] INFO  o.e.m.c.i.p.WorkspaceClassifierResolverManager - Resolving P/selenium-test: SIT333:selenium-test:0.0.1-SNAPSHOT with classifier null to /selenium-test/target/classes
2025-03-21 13:18:21,810 [Worker-63: Launching Main] INFO  o.e.m.c.i.p.WorkspaceClassifierResolverManager - Resolving P/selenium-test: SIT333:selenium-test:0.0.1-SNAPSHOT with classifier null to /selenium-test/target/classes
2025-03-21 13:29:54,621 [Worker-69: Importing Maven projects] INFO  o.e.m.c.i.l.LifecycleMappingFactory - Using org.eclipse.m2e.jdt.JarLifecycleMapping lifecycle mapping for MavenProject: sit707_tasks:task1_2P:0.0.1-SNAPSHOT @ /Users/trungquan/Deakin/Software Quality and Testing/OnTrack/1.2P/task1_2P/pom.xml.
2025-03-21 13:29:54,776 [Worker-69: Importing Maven projects] INFO  o.e.m.j.i.AbstractJavaProjectConfigurator - Adding source folder /task1_2P/src/main/java
2025-03-21 13:29:54,776 [Worker-69: Importing Maven projects] INFO  o.e.m.j.i.AbstractJavaProjectConfigurator - Adding resource folder /task1_2P/src/main/resources
2025-03-21 13:29:54,777 [Worker-69: Importing Maven projects] INFO  o.e.m.j.i.AbstractJavaProjectConfigurator - Adding source folder /task1_2P/src/test/java
2025-03-21 13:29:54,777 [Worker-69: Importing Maven projects] INFO  o.e.m.j.i.AbstractJavaProjectConfigurator - Adding resource folder /task1_2P/src/test/resources
2025-03-21 13:29:54,808 [Worker-69: Importing Maven projects] INFO  o.e.m.c.i.p.ProjectConfigurationManager - Imported and configured 1 project(s) in 0 sec
2025-03-21 13:29:55,064 [Worker-63: Building] WARN  o.a.m.s.f.DefaultMavenResourcesFiltering - Using platform encoding (UTF-8 actually) to copy filtered resources, i.e. build is platform dependent!
2025-03-21 13:29:55,066 [Worker-63: Building] INFO  o.a.m.s.f.DefaultMavenResourcesFiltering - skip non existing resourceDirectory /Users/trungquan/Deakin/Software Quality and Testing/OnTrack/1.2P/task1_2P/src/main/resources
2025-03-21 13:29:55,067 [Worker-63: Building] WARN  o.a.m.s.f.DefaultMavenResourcesFiltering - Using platform encoding (UTF-8 actually) to copy filtered resources, i.e. build is platform dependent!
2025-03-21 13:29:55,068 [Worker-63: Building] INFO  o.a.m.s.f.DefaultMavenResourcesFiltering - skip non existing resourceDirectory /Users/trungquan/Deakin/Software Quality and Testing/OnTrack/1.2P/task1_2P/src/test/resources
2025-03-21 13:33:11,425 [Worker-71: Building] WARN  o.a.m.s.f.DefaultMavenResourcesFiltering - Using platform encoding (UTF-8 actually) to copy filtered resources, i.e. build is platform dependent!
2025-03-21 13:33:11,432 [Worker-71: Building] INFO  o.a.m.s.f.DefaultMavenResourcesFiltering - skip non existing resourceDirectory /Users/trungquan/Deakin/Software Quality and Testing/OnTrack/1.2P/task1_2P/src/main/resources
2025-03-21 13:33:11,438 [Worker-71: Building] WARN  o.a.m.s.f.DefaultMavenResourcesFiltering - Using platform encoding (UTF-8 actually) to copy filtered resources, i.e. build is platform dependent!
2025-03-21 13:33:11,438 [Worker-71: Building] INFO  o.a.m.s.f.DefaultMavenResourcesFiltering - skip non existing resourceDirectory /Users/trungquan/Deakin/Software Quality and Testing/OnTrack/1.2P/task1_2P/src/test/resources
2025-03-21 13:34:05,298 [Worker-72: Building] WARN  o.a.m.s.f.DefaultMavenResourcesFiltering - Using platform encoding (UTF-8 actually) to copy filtered resources, i.e. build is platform dependent!
2025-03-21 13:34:05,299 [Worker-72: Building] INFO  o.a.m.s.f.DefaultMavenResourcesFiltering - skip non existing resourceDirectory /Users/trungquan/Deakin/Software Quality and Testing/OnTrack/1.2P/task1_2P/src/main/resources
2025-03-21 13:34:05,301 [Worker-72: Building] WARN  o.a.m.s.f.DefaultMavenResourcesFiltering - Using platform encoding (UTF-8 actually) to copy filtered resources, i.e. build is platform dependent!
2025-03-21 13:34:05,301 [Worker-72: Building] INFO  o.a.m.s.f.DefaultMavenResourcesFiltering - skip non existing resourceDirectory /Users/trungquan/Deakin/Software Quality and Testing/OnTrack/1.2P/task1_2P/src/test/resources
2025-03-21 13:35:17,535 [Worker-69: Building] WARN  o.a.m.s.f.DefaultMavenResourcesFiltering - Using platform encoding (UTF-8 actually) to copy filtered resources, i.e. build is platform dependent!
2025-03-21 13:35:17,544 [Worker-69: Building] INFO  o.a.m.s.f.DefaultMavenResourcesFiltering - skip non existing resourceDirectory /Users/trungquan/Deakin/Software Quality and Testing/OnTrack/1.2P/task1_2P/src/main/resources
2025-03-21 13:35:17,549 [Worker-69: Building] WARN  o.a.m.s.f.DefaultMavenResourcesFiltering - Using platform encoding (UTF-8 actually) to copy filtered resources, i.e. build is platform dependent!
2025-03-21 13:35:17,550 [Worker-69: Building] INFO  o.a.m.s.f.DefaultMavenResourcesFiltering - skip non existing resourceDirectory /Users/trungquan/Deakin/Software Quality and Testing/OnTrack/1.2P/task1_2P/src/test/resources
2025-03-21 13:35:24,493 [Worker-71: Building] WARN  o.a.m.s.f.DefaultMavenResourcesFiltering - Using platform encoding (UTF-8 actually) to copy filtered resources, i.e. build is platform dependent!
2025-03-21 13:35:24,494 [Worker-71: Building] INFO  o.a.m.s.f.DefaultMavenResourcesFiltering - skip non existing resourceDirectory /Users/trungquan/Deakin/Software Quality and Testing/OnTrack/1.2P/task1_2P/src/main/resources
2025-03-21 13:35:24,499 [Worker-71: Building] WARN  o.a.m.s.f.DefaultMavenResourcesFiltering - Using platform encoding (UTF-8 actually) to copy filtered resources, i.e. build is platform dependent!
2025-03-21 13:35:24,499 [Worker-71: Building] INFO  o.a.m.s.f.DefaultMavenResourcesFiltering - skip non existing resourceDirectory /Users/trungquan/Deakin/Software Quality and Testing/OnTrack/1.2P/task1_2P/src/test/resources
2025-03-21 13:36:03,953 [Worker-72: Building] WARN  o.a.m.s.f.DefaultMavenResourcesFiltering - Using platform encoding (UTF-8 actually) to copy filtered resources, i.e. build is platform dependent!
2025-03-21 13:36:03,954 [Worker-72: Building] INFO  o.a.m.s.f.DefaultMavenResourcesFiltering - skip non existing resourceDirectory /Users/trungquan/Deakin/Software Quality and Testing/OnTrack/1.2P/task1_2P/src/main/resources
2025-03-21 13:36:03,956 [Worker-72: Building] WARN  o.a.m.s.f.DefaultMavenResourcesFiltering - Using platform encoding (UTF-8 actually) to copy filtered resources, i.e. build is platform dependent!
2025-03-21 13:36:03,956 [Worker-72: Building] INFO  o.a.m.s.f.DefaultMavenResourcesFiltering - skip non existing resourceDirectory /Users/trungquan/Deakin/Software Quality and Testing/OnTrack/1.2P/task1_2P/src/test/resources
2025-03-21 13:36:25,006 [Worker-73: Building] WARN  o.a.m.s.f.DefaultMavenResourcesFiltering - Using platform encoding (UTF-8 actually) to copy filtered resources, i.e. build is platform dependent!
2025-03-21 13:36:25,019 [Worker-73: Building] INFO  o.a.m.s.f.DefaultMavenResourcesFiltering - skip non existing resourceDirectory /Users/trungquan/Deakin/Software Quality and Testing/OnTrack/1.2P/task1_2P/src/main/resources
2025-03-21 13:36:25,026 [Worker-73: Building] WARN  o.a.m.s.f.DefaultMavenResourcesFiltering - Using platform encoding (UTF-8 actually) to copy filtered resources, i.e. build is platform dependent!
2025-03-21 13:36:25,028 [Worker-73: Building] INFO  o.a.m.s.f.DefaultMavenResourcesFiltering - skip non existing resourceDirectory /Users/trungquan/Deakin/Software Quality and Testing/OnTrack/1.2P/task1_2P/src/test/resources
2025-03-21 13:36:59,870 [Worker-63: Building] WARN  o.a.m.s.f.DefaultMavenResourcesFiltering - Using platform encoding (UTF-8 actually) to copy filtered resources, i.e. build is platform dependent!
2025-03-21 13:36:59,873 [Worker-63: Building] INFO  o.a.m.s.f.DefaultMavenResourcesFiltering - skip non existing resourceDirectory /Users/trungquan/Deakin/Software Quality and Testing/OnTrack/1.2P/task1_2P/src/main/resources
2025-03-21 13:36:59,874 [Worker-63: Building] WARN  o.a.m.s.f.DefaultMavenResourcesFiltering - Using platform encoding (UTF-8 actually) to copy filtered resources, i.e. build is platform dependent!
2025-03-21 13:36:59,875 [Worker-63: Building] INFO  o.a.m.s.f.DefaultMavenResourcesFiltering - skip non existing resourceDirectory /Users/trungquan/Deakin/Software Quality and Testing/OnTrack/1.2P/task1_2P/src/test/resources
2025-03-21 13:39:59,812 [Worker-74: Building] INFO  o.e.m.c.i.l.LifecycleMappingFactory - Using org.eclipse.m2e.jdt.JarLifecycleMapping lifecycle mapping for MavenProject: sit707_tasks:task1_2P:0.0.1-SNAPSHOT @ /Users/trungquan/Deakin/Software Quality and Testing/OnTrack/1.2P/task1_2P/pom.xml.
2025-03-21 13:40:00,095 [Worker-74: Building] WARN  o.a.m.s.f.DefaultMavenResourcesFiltering - Using platform encoding (UTF-8 actually) to copy filtered resources, i.e. build is platform dependent!
2025-03-21 13:40:00,096 [Worker-74: Building] INFO  o.a.m.s.f.DefaultMavenResourcesFiltering - skip non existing resourceDirectory /Users/trungquan/Deakin/Software Quality and Testing/OnTrack/1.2P/task1_2P/src/main/resources
2025-03-21 13:40:00,097 [Worker-74: Building] WARN  o.a.m.s.f.DefaultMavenResourcesFiltering - Using platform encoding (UTF-8 actually) to copy filtered resources, i.e. build is platform dependent!
2025-03-21 13:40:00,097 [Worker-74: Building] INFO  o.a.m.s.f.DefaultMavenResourcesFiltering - skip non existing resourceDirectory /Users/trungquan/Deakin/Software Quality and Testing/OnTrack/1.2P/task1_2P/src/test/resources
2025-03-21 13:40:01,971 [Worker-74: Building] WARN  o.a.m.s.f.DefaultMavenResourcesFiltering - Using platform encoding (UTF-8 actually) to copy filtered resources, i.e. build is platform dependent!
2025-03-21 13:40:01,982 [Worker-74: Building] INFO  o.a.m.s.f.DefaultMavenResourcesFiltering - skip non existing resourceDirectory /Users/trungquan/Deakin/Software Quality and Testing/OnTrack/1.2P/task1_2P/src/main/resources
2025-03-21 13:40:01,988 [Worker-74: Building] WARN  o.a.m.s.f.DefaultMavenResourcesFiltering - Using platform encoding (UTF-8 actually) to copy filtered resources, i.e. build is platform dependent!
2025-03-21 13:40:01,989 [Worker-74: Building] INFO  o.a.m.s.f.DefaultMavenResourcesFiltering - skip non existing resourceDirectory /Users/trungquan/Deakin/Software Quality and Testing/OnTrack/1.2P/task1_2P/src/test/resources
2025-03-21 13:40:29,818 [Worker-73: Building] INFO  o.e.m.c.i.l.LifecycleMappingFactory - Using org.eclipse.m2e.jdt.JarLifecycleMapping lifecycle mapping for MavenProject: sit707_tasks:task1_2P:0.0.1-SNAPSHOT @ /Users/trungquan/Deakin/Software Quality and Testing/OnTrack/1.2P/task1_2P/pom.xml.
2025-03-21 13:40:29,995 [Worker-73: Building] WARN  o.a.m.s.f.DefaultMavenResourcesFiltering - Using platform encoding (UTF-8 actually) to copy filtered resources, i.e. build is platform dependent!
2025-03-21 13:40:29,996 [Worker-73: Building] INFO  o.a.m.s.f.DefaultMavenResourcesFiltering - skip non existing resourceDirectory /Users/trungquan/Deakin/Software Quality and Testing/OnTrack/1.2P/task1_2P/src/main/resources
2025-03-21 13:40:29,997 [Worker-73: Building] WARN  o.a.m.s.f.DefaultMavenResourcesFiltering - Using platform encoding (UTF-8 actually) to copy filtered resources, i.e. build is platform dependent!
2025-03-21 13:40:29,998 [Worker-73: Building] INFO  o.a.m.s.f.DefaultMavenResourcesFiltering - skip non existing resourceDirectory /Users/trungquan/Deakin/Software Quality and Testing/OnTrack/1.2P/task1_2P/src/test/resources
2025-03-21 13:41:37,485 [Worker-69: Launching Main (1)] INFO  o.e.m.c.i.l.LifecycleMappingFactory - Using org.eclipse.m2e.jdt.JarLifecycleMapping lifecycle mapping for MavenProject: sit707_tasks:task1_2P:0.0.1-SNAPSHOT @ /Users/trungquan/Deakin/Software Quality and Testing/OnTrack/1.2P/task1_2P/pom.xml.
2025-03-21 13:41:37,633 [Worker-69: Launching Main (1)] WARN  o.a.m.s.f.DefaultMavenResourcesFiltering - Using platform encoding (UTF-8 actually) to copy filtered resources, i.e. build is platform dependent!
2025-03-21 13:41:37,635 [Worker-69: Launching Main (1)] INFO  o.a.m.s.f.DefaultMavenResourcesFiltering - skip non existing resourceDirectory /Users/trungquan/Deakin/Software Quality and Testing/OnTrack/1.2P/task1_2P/src/main/resources
2025-03-21 13:41:37,636 [Worker-69: Launching Main (1)] WARN  o.a.m.s.f.DefaultMavenResourcesFiltering - Using platform encoding (UTF-8 actually) to copy filtered resources, i.e. build is platform dependent!
2025-03-21 13:41:37,637 [Worker-69: Launching Main (1)] INFO  o.a.m.s.f.DefaultMavenResourcesFiltering - skip non existing resourceDirectory /Users/trungquan/Deakin/Software Quality and Testing/OnTrack/1.2P/task1_2P/src/test/resources
2025-03-21 13:42:28,442 [Worker-71: Building] WARN  o.a.m.s.f.DefaultMavenResourcesFiltering - Using platform encoding (UTF-8 actually) to copy filtered resources, i.e. build is platform dependent!
2025-03-21 13:42:28,443 [Worker-71: Building] INFO  o.a.m.s.f.DefaultMavenResourcesFiltering - skip non existing resourceDirectory /Users/trungquan/Deakin/Software Quality and Testing/OnTrack/1.2P/task1_2P/src/main/resources
2025-03-21 13:42:28,445 [Worker-71: Building] WARN  o.a.m.s.f.DefaultMavenResourcesFiltering - Using platform encoding (UTF-8 actually) to copy filtered resources, i.e. build is platform dependent!
2025-03-21 13:42:28,445 [Worker-71: Building] INFO  o.a.m.s.f.DefaultMavenResourcesFiltering - skip non existing resourceDirectory /Users/trungquan/Deakin/Software Quality and Testing/OnTrack/1.2P/task1_2P/src/test/resources
2025-04-01 02:32:51,458 [Worker-11: Loading available Gradle versions] INFO  o.e.b.c.i.u.g.PublishedGradleVersions - Gradle version information cache is out-of-date. Trying to update.
2025-04-01 02:33:42,103 [Worker-42: Importing Maven projects] INFO  o.e.m.c.i.l.LifecycleMappingFactory - Using org.eclipse.m2e.jdt.JarLifecycleMapping lifecycle mapping for MavenProject: sit707_tasks:task3_1P:1.0-SNAPSHOT @ /Users/trungquan/Deakin/Software Quality and Testing/OnTrack/3.1P/task3_1P/pom.xml.
2025-04-01 02:33:42,995 [Worker-42: Importing Maven projects] INFO  o.e.m.j.i.AbstractJavaProjectConfigurator - Adding source folder /task3_1P/src/main/java
2025-04-01 02:33:43,006 [Worker-42: Importing Maven projects] INFO  o.e.m.j.i.AbstractJavaProjectConfigurator - Adding resource folder /task3_1P/src/main/resources
2025-04-01 02:33:43,007 [Worker-42: Importing Maven projects] INFO  o.e.m.j.i.AbstractJavaProjectConfigurator - Adding source folder /task3_1P/src/test/java
2025-04-01 02:33:43,008 [Worker-42: Importing Maven projects] INFO  o.e.m.j.i.AbstractJavaProjectConfigurator - Adding resource folder /task3_1P/src/test/resources
2025-04-01 02:33:43,075 [Worker-42: Importing Maven projects] INFO  o.e.m.c.i.p.ProjectConfigurationManager - Imported and configured 1 project(s) in 2 sec
2025-04-01 02:33:43,510 [Worker-43: Building] WARN  o.a.m.s.f.DefaultMavenResourcesFiltering - Using platform encoding (UTF-8 actually) to copy filtered resources, i.e. build is platform dependent!
2025-04-01 02:33:43,511 [Worker-43: Building] INFO  o.a.m.s.f.DefaultMavenResourcesFiltering - skip non existing resourceDirectory /Users/trungquan/Deakin/Software Quality and Testing/OnTrack/3.1P/task3_1P/src/main/resources
2025-04-01 02:33:43,517 [Worker-43: Building] WARN  o.a.m.s.f.DefaultMavenResourcesFiltering - Using platform encoding (UTF-8 actually) to copy filtered resources, i.e. build is platform dependent!
2025-04-01 02:33:43,517 [Worker-43: Building] INFO  o.a.m.s.f.DefaultMavenResourcesFiltering - skip non existing resourceDirectory /Users/trungquan/Deakin/Software Quality and Testing/OnTrack/3.1P/task3_1P/src/test/resources
2025-04-01 02:33:54,339 [Worker-60: Building] WARN  o.a.m.s.f.DefaultMavenResourcesFiltering - Using platform encoding (UTF-8 actually) to copy filtered resources, i.e. build is platform dependent!
2025-04-01 02:33:54,341 [Worker-60: Building] INFO  o.a.m.s.f.DefaultMavenResourcesFiltering - skip non existing resourceDirectory /Users/trungquan/Deakin/Software Quality and Testing/OnTrack/3.1P/task3_1P/src/main/resources
2025-04-01 02:33:54,343 [Worker-60: Building] WARN  o.a.m.s.f.DefaultMavenResourcesFiltering - Using platform encoding (UTF-8 actually) to copy filtered resources, i.e. build is platform dependent!
2025-04-01 02:33:54,343 [Worker-60: Building] INFO  o.a.m.s.f.DefaultMavenResourcesFiltering - skip non existing resourceDirectory /Users/trungquan/Deakin/Software Quality and Testing/OnTrack/3.1P/task3_1P/src/test/resources
2025-04-01 02:34:42,471 [Worker-57: Building] INFO  o.e.m.c.i.l.LifecycleMappingFactory - Using org.eclipse.m2e.jdt.JarLifecycleMapping lifecycle mapping for MavenProject: sit707_tasks:task3_1P:1.0-SNAPSHOT @ /Users/trungquan/eclipse-workspace/SIT333/task3_2P/pom.xml.
2025-04-01 02:34:42,516 [Worker-57: Building] WARN  o.a.m.s.f.DefaultMavenResourcesFiltering - Using platform encoding (UTF-8 actually) to copy filtered resources, i.e. build is platform dependent!
2025-04-01 02:34:42,516 [Worker-57: Building] INFO  o.a.m.s.f.DefaultMavenResourcesFiltering - skip non existing resourceDirectory /Users/trungquan/eclipse-workspace/SIT333/task3_2P/src/main/resources
2025-04-01 02:34:42,529 [Worker-57: Building] WARN  o.a.m.s.f.DefaultMavenResourcesFiltering - Using platform encoding (UTF-8 actually) to copy filtered resources, i.e. build is platform dependent!
2025-04-01 02:34:42,530 [Worker-57: Building] INFO  o.a.m.s.f.DefaultMavenResourcesFiltering - skip non existing resourceDirectory /Users/trungquan/eclipse-workspace/SIT333/task3_2P/src/test/resources
2025-04-01 02:34:43,699 [Worker-8: Building] WARN  o.a.m.s.f.DefaultMavenResourcesFiltering - Using platform encoding (UTF-8 actually) to copy filtered resources, i.e. build is platform dependent!
2025-04-01 02:34:43,700 [Worker-8: Building] INFO  o.a.m.s.f.DefaultMavenResourcesFiltering - skip non existing resourceDirectory /Users/trungquan/eclipse-workspace/SIT333/task3_2P/src/main/resources
2025-04-01 02:34:43,702 [Worker-8: Building] WARN  o.a.m.s.f.DefaultMavenResourcesFiltering - Using platform encoding (UTF-8 actually) to copy filtered resources, i.e. build is platform dependent!
2025-04-01 02:34:43,704 [Worker-8: Building] INFO  o.a.m.s.f.DefaultMavenResourcesFiltering - skip non existing resourceDirectory /Users/trungquan/eclipse-workspace/SIT333/task3_2P/src/test/resources
2025-04-01 14:17:53,137 [Worker-92: https://www.codetogether.com/updates/ci/p2.index] WARN  o.a.h.c.h.p.ResponseProcessCookies - ex-0000000073 Cookie rejected [_cfuvid="l95NDlb9lMjdNp7AnZxNb1lAl3g7hKolEcGz0q1.Bv0-1743477473135-0.0.1.1-604800000", domain:cdn.webflow.com, path:/, expiry:null] Illegal 'domain' attribute "cdn.webflow.com". Domain of origin: "www.codetogether.com"
2025-04-01 14:17:56,050 [Worker-81: https://www.codetogether.com/updates/ci/compositeContent.jar] WARN  o.a.h.c.h.p.ResponseProcessCookies - ex-0000000074 Cookie rejected [_cfuvid="ck3ZmHUjbSDBj2q2rExVXz5ml4qhBPl3myFlsSpuaMU-1743477476029-0.0.1.1-604800000", domain:cdn.webflow.com, path:/, expiry:null] Illegal 'domain' attribute "cdn.webflow.com". Domain of origin: "www.codetogether.com"
2025-04-01 14:17:59,030 [Worker-82: https://www.codetogether.com/updates/ci/compositeContent.jar] WARN  o.a.h.c.h.p.ResponseProcessCookies - ex-0000000075 Cookie rejected [_cfuvid="L5Nz_YFQopeeNdJFbp5sHfGKnk3gRoe.XanwO82uM88-1743477479022-0.0.1.1-604800000", domain:cdn.webflow.com, path:/, expiry:null] Illegal 'domain' attribute "cdn.webflow.com". Domain of origin: "www.codetogether.com"
2025-04-01 14:23:57,672 [Worker-11: Loading available Gradle versions] INFO  o.e.b.c.i.u.g.PublishedGradleVersions - Gradle version information cache is up-to-date. Trying to read.
2025-04-01 14:25:11,544 [Worker-49: https://www.codetogether.com/updates/ci/compositeContent.jar] WARN  o.a.h.c.h.p.ResponseProcessCookies - ex-0000000050 Cookie rejected [_cfuvid="TivkZ1Ofv0Vp2SB8swTcKyTBcUwjjFWal7BuOS8_bKo-1743477911543-0.0.1.1-604800000", domain:cdn.webflow.com, path:/, expiry:null] Illegal 'domain' attribute "cdn.webflow.com". Domain of origin: "www.codetogether.com"
2025-04-01 14:34:09,822 [Worker-58: https://www.codetogether.com/updates/ci/compositeArtifacts.jar] WARN  o.a.h.c.h.p.ResponseProcessCookies - ex-0000000121 Cookie rejected [_cfuvid="poRUmF3vyFr5WLePRfNBZvIM6wwARiyy_vYSMuJ6U0A-1743478449819-0.0.1.1-604800000", domain:cdn.webflow.com, path:/, expiry:null] Illegal 'domain' attribute "cdn.webflow.com". Domain of origin: "www.codetogether.com"
2025-04-01 14:34:10,259 [Worker-57: https://www.codetogether.com/updates/ci/compositeArtifacts.jar] WARN  o.a.h.c.h.p.ResponseProcessCookies - ex-0000000122 Cookie rejected [_cfuvid="YzVUuajEfpxbE.IbchQjRaDdnXtVJ0CidpptoWSJZa4-1743478450255-0.0.1.1-604800000", domain:cdn.webflow.com, path:/, expiry:null] Illegal 'domain' attribute "cdn.webflow.com". Domain of origin: "www.codetogether.com"
2025-04-01 14:37:08,533 [Worker-7: Loading available Gradle versions] INFO  o.e.b.c.i.u.g.PublishedGradleVersions - Gradle version information cache is up-to-date. Trying to read.
2025-04-01 14:47:45,858 [Worker-41: Creating project "JUnit-test"] INFO  o.e.m.c.i.l.LifecycleMappingFactory - Using org.eclipse.m2e.jdt.JarLifecycleMapping lifecycle mapping for MavenProject: SIT333:JUnit-test:0.0.1-SNAPSHOT @ /Users/trungquan/eclipse-workspace/SIT333/JUnit-test/pom.xml.
2025-04-01 14:47:46,551 [Worker-41: Creating project "JUnit-test"] INFO  o.e.m.j.i.AbstractJavaProjectConfigurator - Adding source folder /JUnit-test/src/main/java
2025-04-01 14:47:46,553 [Worker-41: Creating project "JUnit-test"] INFO  o.e.m.j.i.AbstractJavaProjectConfigurator - Adding resource folder /JUnit-test/src/main/resources
2025-04-01 14:47:46,555 [Worker-41: Creating project "JUnit-test"] INFO  o.e.m.j.i.AbstractJavaProjectConfigurator - Adding source folder /JUnit-test/src/test/java
2025-04-01 14:47:46,555 [Worker-41: Creating project "JUnit-test"] INFO  o.e.m.j.i.AbstractJavaProjectConfigurator - Adding resource folder /JUnit-test/src/test/resources
2025-04-01 14:47:46,972 [Worker-42: Building] WARN  o.a.m.s.f.DefaultMavenResourcesFiltering - Using platform encoding (UTF-8 actually) to copy filtered resources, i.e. build is platform dependent!
2025-04-01 14:47:46,975 [Worker-42: Building] INFO  o.a.m.s.f.DefaultMavenResourcesFiltering - Copying 0 resource from src/main/resources to target/classes
2025-04-01 14:47:46,983 [Worker-42: Building] WARN  o.a.m.s.f.DefaultMavenResourcesFiltering - Using platform encoding (UTF-8 actually) to copy filtered resources, i.e. build is platform dependent!
2025-04-01 14:47:46,983 [Worker-42: Building] INFO  o.a.m.s.f.DefaultMavenResourcesFiltering - Copying 0 resource from src/test/resources to target/test-classes
2025-04-01 14:47:47,691 [Worker-42: Building] WARN  o.a.m.s.f.DefaultMavenResourcesFiltering - Using platform encoding (UTF-8 actually) to copy filtered resources, i.e. build is platform dependent!
2025-04-01 14:47:47,692 [Worker-42: Building] INFO  o.a.m.s.f.DefaultMavenResourcesFiltering - Copying 0 resource from src/main/resources to target/classes
2025-04-01 14:47:47,694 [Worker-42: Building] WARN  o.a.m.s.f.DefaultMavenResourcesFiltering - Using platform encoding (UTF-8 actually) to copy filtered resources, i.e. build is platform dependent!
2025-04-01 14:47:47,695 [Worker-42: Building] INFO  o.a.m.s.f.DefaultMavenResourcesFiltering - Copying 0 resource from src/test/resources to target/test-classes
2025-04-01 14:47:47,729 [Worker-42: Building] WARN  o.a.m.s.f.DefaultMavenResourcesFiltering - Using platform encoding (UTF-8 actually) to copy filtered resources, i.e. build is platform dependent!
2025-04-01 14:47:47,730 [Worker-42: Building] INFO  o.a.m.s.f.DefaultMavenResourcesFiltering - Copying 0 resource from src/main/resources to target/classes
2025-04-01 14:47:47,736 [Worker-42: Building] WARN  o.a.m.s.f.DefaultMavenResourcesFiltering - Using platform encoding (UTF-8 actually) to copy filtered resources, i.e. build is platform dependent!
2025-04-01 14:47:47,737 [Worker-42: Building] INFO  o.a.m.s.f.DefaultMavenResourcesFiltering - Copying 0 resource from src/test/resources to target/test-classes
2025-04-01 14:47:48,076 [Worker-42: Building] WARN  o.a.m.s.f.DefaultMavenResourcesFiltering - Using platform encoding (UTF-8 actually) to copy filtered resources, i.e. build is platform dependent!
2025-04-01 14:47:48,077 [Worker-42: Building] INFO  o.a.m.s.f.DefaultMavenResourcesFiltering - skip non existing resourceDirectory /Users/trungquan/eclipse-workspace/SIT333/task1_2P/src/main/resources
2025-04-01 14:47:48,079 [Worker-42: Building] WARN  o.a.m.s.f.DefaultMavenResourcesFiltering - Using platform encoding (UTF-8 actually) to copy filtered resources, i.e. build is platform dependent!
2025-04-01 14:47:48,079 [Worker-42: Building] INFO  o.a.m.s.f.DefaultMavenResourcesFiltering - skip non existing resourceDirectory /Users/trungquan/eclipse-workspace/SIT333/task1_2P/src/test/resources
2025-04-01 14:47:48,413 [Worker-42: Building] INFO  o.e.m.c.i.p.WorkspaceClassifierResolverManager - Resolving P/selenium-test: SIT333:selenium-test:0.0.1-SNAPSHOT with classifier  to /selenium-test/target/classes
2025-04-01 14:47:48,420 [Worker-42: Building] WARN  o.a.m.s.f.DefaultMavenResourcesFiltering - Using platform encoding (UTF-8 actually) to copy filtered resources, i.e. build is platform dependent!
2025-04-01 14:47:48,421 [Worker-42: Building] INFO  o.a.m.s.f.DefaultMavenResourcesFiltering - skip non existing resourceDirectory /Users/trungquan/eclipse-workspace/SIT333/task2_1P_225054634/src/main/resources
2025-04-01 14:47:48,424 [Worker-42: Building] WARN  o.a.m.s.f.DefaultMavenResourcesFiltering - Using platform encoding (UTF-8 actually) to copy filtered resources, i.e. build is platform dependent!
2025-04-01 14:47:48,424 [Worker-42: Building] INFO  o.a.m.s.f.DefaultMavenResourcesFiltering - skip non existing resourceDirectory /Users/trungquan/eclipse-workspace/SIT333/task2_1P_225054634/src/test/resources
2025-04-01 14:47:48,562 [Worker-42: Building] WARN  o.a.m.s.f.DefaultMavenResourcesFiltering - Using platform encoding (UTF-8 actually) to copy filtered resources, i.e. build is platform dependent!
2025-04-01 14:47:48,563 [Worker-42: Building] INFO  o.a.m.s.f.DefaultMavenResourcesFiltering - skip non existing resourceDirectory /Users/trungquan/eclipse-workspace/SIT333/task3_2P/src/main/resources
2025-04-01 14:47:48,565 [Worker-42: Building] WARN  o.a.m.s.f.DefaultMavenResourcesFiltering - Using platform encoding (UTF-8 actually) to copy filtered resources, i.e. build is platform dependent!
2025-04-01 14:47:48,566 [Worker-42: Building] INFO  o.a.m.s.f.DefaultMavenResourcesFiltering - skip non existing resourceDirectory /Users/trungquan/eclipse-workspace/SIT333/task3_2P/src/test/resources
2025-04-01 14:47:58,992 [Worker-45: Building] WARN  o.a.m.s.f.DefaultMavenResourcesFiltering - Using platform encoding (UTF-8 actually) to copy filtered resources, i.e. build is platform dependent!
2025-04-01 14:47:59,010 [Worker-45: Building] INFO  o.a.m.s.f.DefaultMavenResourcesFiltering - Copying 0 resource from src/main/resources to target/classes
2025-04-01 14:47:59,029 [Worker-45: Building] WARN  o.a.m.s.f.DefaultMavenResourcesFiltering - Using platform encoding (UTF-8 actually) to copy filtered resources, i.e. build is platform dependent!
2025-04-01 14:47:59,036 [Worker-45: Building] INFO  o.a.m.s.f.DefaultMavenResourcesFiltering - Copying 0 resource from src/test/resources to target/test-classes
2025-04-01 14:49:32,633 [Worker-47: Building] WARN  o.a.m.s.f.DefaultMavenResourcesFiltering - Using platform encoding (UTF-8 actually) to copy filtered resources, i.e. build is platform dependent!
2025-04-01 14:49:32,643 [Worker-47: Building] INFO  o.a.m.s.f.DefaultMavenResourcesFiltering - Copying 0 resource from src/main/resources to target/classes
2025-04-01 14:49:32,647 [Worker-47: Building] WARN  o.a.m.s.f.DefaultMavenResourcesFiltering - Using platform encoding (UTF-8 actually) to copy filtered resources, i.e. build is platform dependent!
2025-04-01 14:49:32,649 [Worker-47: Building] INFO  o.a.m.s.f.DefaultMavenResourcesFiltering - Copying 0 resource from src/test/resources to target/test-classes
2025-04-01 14:50:03,376 [Worker-44: Building] WARN  o.a.m.s.f.DefaultMavenResourcesFiltering - Using platform encoding (UTF-8 actually) to copy filtered resources, i.e. build is platform dependent!
2025-04-01 14:50:03,378 [Worker-44: Building] INFO  o.a.m.s.f.DefaultMavenResourcesFiltering - Copying 0 resource from src/main/resources to target/classes
2025-04-01 14:50:03,387 [Worker-44: Building] WARN  o.a.m.s.f.DefaultMavenResourcesFiltering - Using platform encoding (UTF-8 actually) to copy filtered resources, i.e. build is platform dependent!
2025-04-01 14:50:03,390 [Worker-44: Building] INFO  o.a.m.s.f.DefaultMavenResourcesFiltering - Copying 0 resource from src/test/resources to target/test-classes
2025-04-01 14:51:00,244 [Worker-43: Building] WARN  o.a.m.s.f.DefaultMavenResourcesFiltering - Using platform encoding (UTF-8 actually) to copy filtered resources, i.e. build is platform dependent!
2025-04-01 14:51:00,246 [Worker-43: Building] INFO  o.a.m.s.f.DefaultMavenResourcesFiltering - Copying 0 resource from src/main/resources to target/classes
2025-04-01 14:51:00,248 [Worker-43: Building] WARN  o.a.m.s.f.DefaultMavenResourcesFiltering - Using platform encoding (UTF-8 actually) to copy filtered resources, i.e. build is platform dependent!
2025-04-01 14:51:00,248 [Worker-43: Building] INFO  o.a.m.s.f.DefaultMavenResourcesFiltering - Copying 0 resource from src/test/resources to target/test-classes
2025-04-01 14:51:34,179 [Worker-47: Building] WARN  o.a.m.s.f.DefaultMavenResourcesFiltering - Using platform encoding (UTF-8 actually) to copy filtered resources, i.e. build is platform dependent!
2025-04-01 14:51:34,202 [Worker-47: Building] INFO  o.a.m.s.f.DefaultMavenResourcesFiltering - Copying 0 resource from src/main/resources to target/classes
2025-04-01 14:51:34,211 [Worker-47: Building] WARN  o.a.m.s.f.DefaultMavenResourcesFiltering - Using platform encoding (UTF-8 actually) to copy filtered resources, i.e. build is platform dependent!
2025-04-01 14:51:34,213 [Worker-47: Building] INFO  o.a.m.s.f.DefaultMavenResourcesFiltering - Copying 0 resource from src/test/resources to target/test-classes
2025-04-01 14:52:35,735 [Worker-48: Building] WARN  o.a.m.s.f.DefaultMavenResourcesFiltering - Using platform encoding (UTF-8 actually) to copy filtered resources, i.e. build is platform dependent!
2025-04-01 14:52:35,740 [Worker-48: Building] INFO  o.a.m.s.f.DefaultMavenResourcesFiltering - Copying 0 resource from src/main/resources to target/classes
2025-04-01 14:52:35,742 [Worker-48: Building] WARN  o.a.m.s.f.DefaultMavenResourcesFiltering - Using platform encoding (UTF-8 actually) to copy filtered resources, i.e. build is platform dependent!
2025-04-01 14:52:35,743 [Worker-48: Building] INFO  o.a.m.s.f.DefaultMavenResourcesFiltering - Copying 0 resource from src/test/resources to target/test-classes
2025-04-01 14:54:36,029 [Worker-44: Building] WARN  o.a.m.s.f.DefaultMavenResourcesFiltering - Using platform encoding (UTF-8 actually) to copy filtered resources, i.e. build is platform dependent!
2025-04-01 14:54:36,055 [Worker-44: Building] INFO  o.a.m.s.f.DefaultMavenResourcesFiltering - Copying 0 resource from src/main/resources to target/classes
2025-04-01 14:54:36,063 [Worker-44: Building] WARN  o.a.m.s.f.DefaultMavenResourcesFiltering - Using platform encoding (UTF-8 actually) to copy filtered resources, i.e. build is platform dependent!
2025-04-01 14:54:36,064 [Worker-44: Building] INFO  o.a.m.s.f.DefaultMavenResourcesFiltering - Copying 0 resource from src/test/resources to target/test-classes
2025-04-01 14:55:26,987 [Worker-49: Building] WARN  o.a.m.s.f.DefaultMavenResourcesFiltering - Using platform encoding (UTF-8 actually) to copy filtered resources, i.e. build is platform dependent!
2025-04-01 14:55:26,989 [Worker-49: Building] INFO  o.a.m.s.f.DefaultMavenResourcesFiltering - Copying 0 resource from src/main/resources to target/classes
2025-04-01 14:55:26,991 [Worker-49: Building] WARN  o.a.m.s.f.DefaultMavenResourcesFiltering - Using platform encoding (UTF-8 actually) to copy filtered resources, i.e. build is platform dependent!
2025-04-01 14:55:26,992 [Worker-49: Building] INFO  o.a.m.s.f.DefaultMavenResourcesFiltering - Copying 0 resource from src/test/resources to target/test-classes
2025-04-01 14:55:48,108 [main] INFO  o.e.m.jdt.internal.UnitTestSupport - Updating JUnit-test from maven configuration
2025-04-01 14:55:48,405 [main] INFO  o.e.m.c.i.e.AbstractTransferListenerAdapter - Downloading https://repo.maven.apache.org/maven2/org/apache/maven/surefire/maven-surefire-common/3.2.5/maven-surefire-common-3.2.5.pom
2025-04-01 14:55:48,417 [main] INFO  o.e.m.c.i.e.AbstractTransferListenerAdapter - Downloaded https://repo.maven.apache.org/maven2/org/apache/maven/surefire/maven-surefire-common/3.2.5/maven-surefire-common-3.2.5.pom
2025-04-01 14:55:48,456 [main] INFO  o.e.m.c.i.e.AbstractTransferListenerAdapter - Downloading https://repo.maven.apache.org/maven2/org/apache/maven/surefire/surefire-api/3.2.5/surefire-api-3.2.5.pom
2025-04-01 14:55:48,457 [main] INFO  o.e.m.c.i.e.AbstractTransferListenerAdapter - Downloaded https://repo.maven.apache.org/maven2/org/apache/maven/surefire/surefire-api/3.2.5/surefire-api-3.2.5.pom
2025-04-01 14:55:48,482 [main] INFO  o.e.m.c.i.e.AbstractTransferListenerAdapter - Downloading https://repo.maven.apache.org/maven2/org/apache/maven/surefire/surefire-logger-api/3.2.5/surefire-logger-api-3.2.5.pom
2025-04-01 14:55:48,484 [main] INFO  o.e.m.c.i.e.AbstractTransferListenerAdapter - Downloaded https://repo.maven.apache.org/maven2/org/apache/maven/surefire/surefire-logger-api/3.2.5/surefire-logger-api-3.2.5.pom
2025-04-01 14:55:48,510 [main] INFO  o.e.m.c.i.e.AbstractTransferListenerAdapter - Downloading https://repo.maven.apache.org/maven2/org/apache/maven/surefire/surefire-shared-utils/3.2.5/surefire-shared-utils-3.2.5.pom
2025-04-01 14:55:48,511 [main] INFO  o.e.m.c.i.e.AbstractTransferListenerAdapter - Downloaded https://repo.maven.apache.org/maven2/org/apache/maven/surefire/surefire-shared-utils/3.2.5/surefire-shared-utils-3.2.5.pom
2025-04-01 14:55:48,534 [main] INFO  o.e.m.c.i.e.AbstractTransferListenerAdapter - Downloading https://repo.maven.apache.org/maven2/org/apache/maven/surefire/surefire-extensions-api/3.2.5/surefire-extensions-api-3.2.5.pom
2025-04-01 14:55:48,535 [main] INFO  o.e.m.c.i.e.AbstractTransferListenerAdapter - Downloaded https://repo.maven.apache.org/maven2/org/apache/maven/surefire/surefire-extensions-api/3.2.5/surefire-extensions-api-3.2.5.pom
2025-04-01 14:55:48,556 [main] INFO  o.e.m.c.i.e.AbstractTransferListenerAdapter - Downloading https://repo.maven.apache.org/maven2/org/apache/maven/surefire/surefire-booter/3.2.5/surefire-booter-3.2.5.pom
2025-04-01 14:55:48,558 [main] INFO  o.e.m.c.i.e.AbstractTransferListenerAdapter - Downloaded https://repo.maven.apache.org/maven2/org/apache/maven/surefire/surefire-booter/3.2.5/surefire-booter-3.2.5.pom
2025-04-01 14:55:48,583 [main] INFO  o.e.m.c.i.e.AbstractTransferListenerAdapter - Downloading https://repo.maven.apache.org/maven2/org/apache/maven/surefire/surefire-extensions-spi/3.2.5/surefire-extensions-spi-3.2.5.pom
2025-04-01 14:55:48,584 [main] INFO  o.e.m.c.i.e.AbstractTransferListenerAdapter - Downloaded https://repo.maven.apache.org/maven2/org/apache/maven/surefire/surefire-extensions-spi/3.2.5/surefire-extensions-spi-3.2.5.pom
2025-04-01 14:55:48,605 [main] INFO  o.e.m.c.i.e.AbstractTransferListenerAdapter - Downloading https://repo.maven.apache.org/maven2/org/eclipse/aether/aether-util/1.0.0.v20140518/aether-util-1.0.0.v20140518.pom
2025-04-01 14:55:48,606 [main] INFO  o.e.m.c.i.e.AbstractTransferListenerAdapter - Downloaded https://repo.maven.apache.org/maven2/org/eclipse/aether/aether-util/1.0.0.v20140518/aether-util-1.0.0.v20140518.pom
2025-04-01 14:55:48,619 [main] INFO  o.e.m.c.i.e.AbstractTransferListenerAdapter - Downloading https://repo.maven.apache.org/maven2/org/eclipse/aether/aether/1.0.0.v20140518/aether-1.0.0.v20140518.pom
2025-04-01 14:55:48,626 [main] INFO  o.e.m.c.i.e.AbstractTransferListenerAdapter - Downloaded https://repo.maven.apache.org/maven2/org/eclipse/aether/aether/1.0.0.v20140518/aether-1.0.0.v20140518.pom
2025-04-01 14:55:48,646 [main] INFO  o.e.m.c.i.e.AbstractTransferListenerAdapter - Downloading https://repo.maven.apache.org/maven2/org/eclipse/aether/aether-api/1.0.0.v20140518/aether-api-1.0.0.v20140518.pom
2025-04-01 14:55:48,648 [main] INFO  o.e.m.c.i.e.AbstractTransferListenerAdapter - Downloaded https://repo.maven.apache.org/maven2/org/eclipse/aether/aether-api/1.0.0.v20140518/aether-api-1.0.0.v20140518.pom
2025-04-01 14:55:48,675 [main] INFO  o.e.m.c.i.e.AbstractTransferListenerAdapter - Downloading https://repo.maven.apache.org/maven2/org/apache/maven/shared/maven-common-artifact-filters/3.1.1/maven-common-artifact-filters-3.1.1.pom
2025-04-01 14:55:48,677 [main] INFO  o.e.m.c.i.e.AbstractTransferListenerAdapter - Downloaded https://repo.maven.apache.org/maven2/org/apache/maven/shared/maven-common-artifact-filters/3.1.1/maven-common-artifact-filters-3.1.1.pom
2025-04-01 14:55:48,695 [main] INFO  o.e.m.c.i.e.AbstractTransferListenerAdapter - Downloading https://repo.maven.apache.org/maven2/org/apache/maven/shared/maven-shared-components/34/maven-shared-components-34.pom
2025-04-01 14:55:48,697 [main] INFO  o.e.m.c.i.e.AbstractTransferListenerAdapter - Downloaded https://repo.maven.apache.org/maven2/org/apache/maven/shared/maven-shared-components/34/maven-shared-components-34.pom
2025-04-01 14:55:48,714 [main] INFO  o.e.m.c.i.e.AbstractTransferListenerAdapter - Downloading https://repo.maven.apache.org/maven2/org/apache/maven/maven-parent/34/maven-parent-34.pom
2025-04-01 14:55:48,717 [main] INFO  o.e.m.c.i.e.AbstractTransferListenerAdapter - Downloaded https://repo.maven.apache.org/maven2/org/apache/maven/maven-parent/34/maven-parent-34.pom
2025-04-01 14:55:48,741 [main] INFO  o.e.m.c.i.e.AbstractTransferListenerAdapter - Downloading https://repo.maven.apache.org/maven2/org/apache/maven/maven-artifact/3.2.5/maven-artifact-3.2.5.pom
2025-04-01 14:55:48,742 [main] INFO  o.e.m.c.i.e.AbstractTransferListenerAdapter - Downloaded https://repo.maven.apache.org/maven2/org/apache/maven/maven-artifact/3.2.5/maven-artifact-3.2.5.pom
2025-04-01 14:55:48,759 [main] INFO  o.e.m.c.i.e.AbstractTransferListenerAdapter - Downloading https://repo.maven.apache.org/maven2/org/apache/maven/maven/3.2.5/maven-3.2.5.pom
2025-04-01 14:55:48,762 [main] INFO  o.e.m.c.i.e.AbstractTransferListenerAdapter - Downloaded https://repo.maven.apache.org/maven2/org/apache/maven/maven/3.2.5/maven-3.2.5.pom
2025-04-01 14:55:48,778 [main] INFO  o.e.m.c.i.e.AbstractTransferListenerAdapter - Downloading https://repo.maven.apache.org/maven2/org/apache/maven/maven-parent/25/maven-parent-25.pom
2025-04-01 14:55:48,787 [main] INFO  o.e.m.c.i.e.AbstractTransferListenerAdapter - Downloaded https://repo.maven.apache.org/maven2/org/apache/maven/maven-parent/25/maven-parent-25.pom
2025-04-01 14:55:48,822 [main] INFO  o.e.m.c.i.e.AbstractTransferListenerAdapter - Downloading https://repo.maven.apache.org/maven2/org/apache/maven/maven-core/3.2.5/maven-core-3.2.5.pom
2025-04-01 14:55:48,824 [main] INFO  o.e.m.c.i.e.AbstractTransferListenerAdapter - Downloaded https://repo.maven.apache.org/maven2/org/apache/maven/maven-core/3.2.5/maven-core-3.2.5.pom
2025-04-01 14:55:48,846 [main] INFO  o.e.m.c.i.e.AbstractTransferListenerAdapter - Downloading https://repo.maven.apache.org/maven2/org/apache/maven/maven-settings/3.2.5/maven-settings-3.2.5.pom
2025-04-01 14:55:48,847 [main] INFO  o.e.m.c.i.e.AbstractTransferListenerAdapter - Downloaded https://repo.maven.apache.org/maven2/org/apache/maven/maven-settings/3.2.5/maven-settings-3.2.5.pom
2025-04-01 14:55:48,864 [main] INFO  o.e.m.c.i.e.AbstractTransferListenerAdapter - Downloading https://repo.maven.apache.org/maven2/org/apache/maven/maven-settings-builder/3.2.5/maven-settings-builder-3.2.5.pom
2025-04-01 14:55:48,865 [main] INFO  o.e.m.c.i.e.AbstractTransferListenerAdapter - Downloaded https://repo.maven.apache.org/maven2/org/apache/maven/maven-settings-builder/3.2.5/maven-settings-builder-3.2.5.pom
2025-04-01 14:55:48,882 [main] INFO  o.e.m.c.i.e.AbstractTransferListenerAdapter - Downloading https://repo.maven.apache.org/maven2/org/codehaus/plexus/plexus-interpolation/1.21/plexus-interpolation-1.21.pom
2025-04-01 14:55:48,883 [main] INFO  o.e.m.c.i.e.AbstractTransferListenerAdapter - Downloaded https://repo.maven.apache.org/maven2/org/codehaus/plexus/plexus-interpolation/1.21/plexus-interpolation-1.21.pom
2025-04-01 14:55:48,901 [main] INFO  o.e.m.c.i.e.AbstractTransferListenerAdapter - Downloading https://repo.maven.apache.org/maven2/org/codehaus/plexus/plexus-components/1.3.1/plexus-components-1.3.1.pom
2025-04-01 14:55:48,903 [main] INFO  o.e.m.c.i.e.AbstractTransferListenerAdapter - Downloaded https://repo.maven.apache.org/maven2/org/codehaus/plexus/plexus-components/1.3.1/plexus-components-1.3.1.pom
2025-04-01 14:55:48,921 [main] INFO  o.e.m.c.i.e.AbstractTransferListenerAdapter - Downloading https://repo.maven.apache.org/maven2/org/codehaus/plexus/plexus/3.3.1/plexus-3.3.1.pom
2025-04-01 14:55:48,923 [main] INFO  o.e.m.c.i.e.AbstractTransferListenerAdapter - Downloaded https://repo.maven.apache.org/maven2/org/codehaus/plexus/plexus/3.3.1/plexus-3.3.1.pom
2025-04-01 14:55:48,936 [main] INFO  o.e.m.c.i.e.AbstractTransferListenerAdapter - Downloading https://repo.maven.apache.org/maven2/org/sonatype/spice/spice-parent/17/spice-parent-17.pom
2025-04-01 14:55:48,937 [main] INFO  o.e.m.c.i.e.AbstractTransferListenerAdapter - Downloaded https://repo.maven.apache.org/maven2/org/sonatype/spice/spice-parent/17/spice-parent-17.pom
2025-04-01 14:55:48,954 [main] INFO  o.e.m.c.i.e.AbstractTransferListenerAdapter - Downloading https://repo.maven.apache.org/maven2/org/sonatype/forge/forge-parent/10/forge-parent-10.pom
2025-04-01 14:55:48,958 [main] INFO  o.e.m.c.i.e.AbstractTransferListenerAdapter - Downloaded https://repo.maven.apache.org/maven2/org/sonatype/forge/forge-parent/10/forge-parent-10.pom
2025-04-01 14:55:48,976 [main] INFO  o.e.m.c.i.e.AbstractTransferListenerAdapter - Downloading https://repo.maven.apache.org/maven2/org/codehaus/plexus/plexus-component-annotations/1.5.5/plexus-component-annotations-1.5.5.pom
2025-04-01 14:55:48,978 [main] INFO  o.e.m.c.i.e.AbstractTransferListenerAdapter - Downloaded https://repo.maven.apache.org/maven2/org/codehaus/plexus/plexus-component-annotations/1.5.5/plexus-component-annotations-1.5.5.pom
2025-04-01 14:55:48,991 [main] INFO  o.e.m.c.i.e.AbstractTransferListenerAdapter - Downloading https://repo.maven.apache.org/maven2/org/codehaus/plexus/plexus-containers/1.5.5/plexus-containers-1.5.5.pom
2025-04-01 14:55:48,992 [main] INFO  o.e.m.c.i.e.AbstractTransferListenerAdapter - Downloaded https://repo.maven.apache.org/maven2/org/codehaus/plexus/plexus-containers/1.5.5/plexus-containers-1.5.5.pom
2025-04-01 14:55:49,013 [main] INFO  o.e.m.c.i.e.AbstractTransferListenerAdapter - Downloading https://repo.maven.apache.org/maven2/org/codehaus/plexus/plexus/2.0.7/plexus-2.0.7.pom
2025-04-01 14:55:49,015 [main] INFO  o.e.m.c.i.e.AbstractTransferListenerAdapter - Downloaded https://repo.maven.apache.org/maven2/org/codehaus/plexus/plexus/2.0.7/plexus-2.0.7.pom
2025-04-01 14:55:49,037 [main] INFO  o.e.m.c.i.e.AbstractTransferListenerAdapter - Downloading https://repo.maven.apache.org/maven2/org/sonatype/plexus/plexus-sec-dispatcher/1.3/plexus-sec-dispatcher-1.3.pom
2025-04-01 14:55:49,038 [main] INFO  o.e.m.c.i.e.AbstractTransferListenerAdapter - Downloaded https://repo.maven.apache.org/maven2/org/sonatype/plexus/plexus-sec-dispatcher/1.3/plexus-sec-dispatcher-1.3.pom
2025-04-01 14:55:49,053 [main] INFO  o.e.m.c.i.e.AbstractTransferListenerAdapter - Downloading https://repo.maven.apache.org/maven2/org/sonatype/spice/spice-parent/12/spice-parent-12.pom
2025-04-01 14:55:49,054 [main] INFO  o.e.m.c.i.e.AbstractTransferListenerAdapter - Downloaded https://repo.maven.apache.org/maven2/org/sonatype/spice/spice-parent/12/spice-parent-12.pom
2025-04-01 14:55:49,106 [main] INFO  o.e.m.c.i.e.AbstractTransferListenerAdapter - Downloading https://repo.maven.apache.org/maven2/org/sonatype/forge/forge-parent/4/forge-parent-4.pom
2025-04-01 14:55:49,110 [main] INFO  o.e.m.c.i.e.AbstractTransferListenerAdapter - Downloaded https://repo.maven.apache.org/maven2/org/sonatype/forge/forge-parent/4/forge-parent-4.pom
2025-04-01 14:55:49,180 [main] INFO  o.e.m.c.i.e.AbstractTransferListenerAdapter - Downloading https://repo.maven.apache.org/maven2/org/sonatype/plexus/plexus-cipher/1.4/plexus-cipher-1.4.pom
2025-04-01 14:55:49,181 [main] INFO  o.e.m.c.i.e.AbstractTransferListenerAdapter - Downloaded https://repo.maven.apache.org/maven2/org/sonatype/plexus/plexus-cipher/1.4/plexus-cipher-1.4.pom
2025-04-01 14:55:49,245 [main] INFO  o.e.m.c.i.e.AbstractTransferListenerAdapter - Downloading https://repo.maven.apache.org/maven2/org/apache/maven/maven-repository-metadata/3.2.5/maven-repository-metadata-3.2.5.pom
2025-04-01 14:55:49,249 [main] INFO  o.e.m.c.i.e.AbstractTransferListenerAdapter - Downloaded https://repo.maven.apache.org/maven2/org/apache/maven/maven-repository-metadata/3.2.5/maven-repository-metadata-3.2.5.pom
2025-04-01 14:55:49,311 [main] INFO  o.e.m.c.i.e.AbstractTransferListenerAdapter - Downloading https://repo.maven.apache.org/maven2/org/apache/maven/maven-plugin-api/3.2.5/maven-plugin-api-3.2.5.pom
2025-04-01 14:55:49,317 [main] INFO  o.e.m.c.i.e.AbstractTransferListenerAdapter - Downloaded https://repo.maven.apache.org/maven2/org/apache/maven/maven-plugin-api/3.2.5/maven-plugin-api-3.2.5.pom
2025-04-01 14:55:49,384 [main] INFO  o.e.m.c.i.e.AbstractTransferListenerAdapter - Downloading https://repo.maven.apache.org/maven2/org/eclipse/sisu/org.eclipse.sisu.plexus/0.9.0.M2/org.eclipse.sisu.plexus-0.9.0.M2.pom
2025-04-01 14:55:49,389 [main] INFO  o.e.m.c.i.e.AbstractTransferListenerAdapter - Downloaded https://repo.maven.apache.org/maven2/org/eclipse/sisu/org.eclipse.sisu.plexus/0.9.0.M2/org.eclipse.sisu.plexus-0.9.0.M2.pom
2025-04-01 14:55:49,421 [main] INFO  o.e.m.c.i.e.AbstractTransferListenerAdapter - Downloading https://repo.maven.apache.org/maven2/org/eclipse/sisu/sisu-plexus/0.9.0.M2/sisu-plexus-0.9.0.M2.pom
2025-04-01 14:55:49,425 [main] INFO  o.e.m.c.i.e.AbstractTransferListenerAdapter - Downloaded https://repo.maven.apache.org/maven2/org/eclipse/sisu/sisu-plexus/0.9.0.M2/sisu-plexus-0.9.0.M2.pom
2025-04-01 14:55:49,466 [main] INFO  o.e.m.c.i.e.AbstractTransferListenerAdapter - Downloading https://repo.maven.apache.org/maven2/javax/annotation/javax.annotation-api/1.2/javax.annotation-api-1.2.pom
2025-04-01 14:55:49,468 [main] INFO  o.e.m.c.i.e.AbstractTransferListenerAdapter - Downloaded https://repo.maven.apache.org/maven2/javax/annotation/javax.annotation-api/1.2/javax.annotation-api-1.2.pom
2025-04-01 14:55:49,508 [main] INFO  o.e.m.c.i.e.AbstractTransferListenerAdapter - Downloading https://repo.maven.apache.org/maven2/javax/enterprise/cdi-api/1.2/cdi-api-1.2.pom
2025-04-01 14:55:49,509 [main] INFO  o.e.m.c.i.e.AbstractTransferListenerAdapter - Downloaded https://repo.maven.apache.org/maven2/javax/enterprise/cdi-api/1.2/cdi-api-1.2.pom
2025-04-01 14:55:49,529 [main] INFO  o.e.m.c.i.e.AbstractTransferListenerAdapter - Downloading https://repo.maven.apache.org/maven2/org/jboss/weld/weld-parent/26/weld-parent-26.pom
2025-04-01 14:55:49,533 [main] INFO  o.e.m.c.i.e.AbstractTransferListenerAdapter - Downloaded https://repo.maven.apache.org/maven2/org/jboss/weld/weld-parent/26/weld-parent-26.pom
2025-04-01 14:55:49,563 [main] INFO  o.e.m.c.i.e.AbstractTransferListenerAdapter - Downloading https://repo.maven.apache.org/maven2/org/eclipse/sisu/org.eclipse.sisu.inject/0.9.0.M2/org.eclipse.sisu.inject-0.9.0.M2.pom
2025-04-01 14:55:49,569 [main] INFO  o.e.m.c.i.e.AbstractTransferListenerAdapter - Downloaded https://repo.maven.apache.org/maven2/org/eclipse/sisu/org.eclipse.sisu.inject/0.9.0.M2/org.eclipse.sisu.inject-0.9.0.M2.pom
2025-04-01 14:55:49,584 [main] INFO  o.e.m.c.i.e.AbstractTransferListenerAdapter - Downloading https://repo.maven.apache.org/maven2/org/eclipse/sisu/sisu-inject/0.9.0.M2/sisu-inject-0.9.0.M2.pom
2025-04-01 14:55:49,587 [main] INFO  o.e.m.c.i.e.AbstractTransferListenerAdapter - Downloaded https://repo.maven.apache.org/maven2/org/eclipse/sisu/sisu-inject/0.9.0.M2/sisu-inject-0.9.0.M2.pom
2025-04-01 14:55:49,607 [main] INFO  o.e.m.c.i.e.AbstractTransferListenerAdapter - Downloading https://repo.maven.apache.org/maven2/org/codehaus/plexus/plexus-component-annotations/2.1.0/plexus-component-annotations-2.1.0.pom
2025-04-01 14:55:49,608 [main] INFO  o.e.m.c.i.e.AbstractTransferListenerAdapter - Downloaded https://repo.maven.apache.org/maven2/org/codehaus/plexus/plexus-component-annotations/2.1.0/plexus-component-annotations-2.1.0.pom
2025-04-01 14:55:49,630 [main] INFO  o.e.m.c.i.e.AbstractTransferListenerAdapter - Downloading https://repo.maven.apache.org/maven2/org/codehaus/plexus/plexus-containers/2.1.0/plexus-containers-2.1.0.pom
2025-04-01 14:55:49,632 [main] INFO  o.e.m.c.i.e.AbstractTransferListenerAdapter - Downloaded https://repo.maven.apache.org/maven2/org/codehaus/plexus/plexus-containers/2.1.0/plexus-containers-2.1.0.pom
2025-04-01 14:55:49,653 [main] INFO  o.e.m.c.i.e.AbstractTransferListenerAdapter - Downloading https://repo.maven.apache.org/maven2/org/codehaus/plexus/plexus-classworlds/2.6.0/plexus-classworlds-2.6.0.pom
2025-04-01 14:55:49,654 [main] INFO  o.e.m.c.i.e.AbstractTransferListenerAdapter - Downloaded https://repo.maven.apache.org/maven2/org/codehaus/plexus/plexus-classworlds/2.6.0/plexus-classworlds-2.6.0.pom
2025-04-01 14:55:49,672 [main] INFO  o.e.m.c.i.e.AbstractTransferListenerAdapter - Downloading https://repo.maven.apache.org/maven2/org/apache/maven/maven-model-builder/3.2.5/maven-model-builder-3.2.5.pom
2025-04-01 14:55:49,673 [main] INFO  o.e.m.c.i.e.AbstractTransferListenerAdapter - Downloaded https://repo.maven.apache.org/maven2/org/apache/maven/maven-model-builder/3.2.5/maven-model-builder-3.2.5.pom
2025-04-01 14:55:49,691 [main] INFO  o.e.m.c.i.e.AbstractTransferListenerAdapter - Downloading https://repo.maven.apache.org/maven2/org/apache/maven/maven-aether-provider/3.2.5/maven-aether-provider-3.2.5.pom
2025-04-01 14:55:49,692 [main] INFO  o.e.m.c.i.e.AbstractTransferListenerAdapter - Downloaded https://repo.maven.apache.org/maven2/org/apache/maven/maven-aether-provider/3.2.5/maven-aether-provider-3.2.5.pom
2025-04-01 14:55:49,714 [main] INFO  o.e.m.c.i.e.AbstractTransferListenerAdapter - Downloading https://repo.maven.apache.org/maven2/org/eclipse/aether/aether-spi/1.0.0.v20140518/aether-spi-1.0.0.v20140518.pom
2025-04-01 14:55:49,715 [main] INFO  o.e.m.c.i.e.AbstractTransferListenerAdapter - Downloaded https://repo.maven.apache.org/maven2/org/eclipse/aether/aether-spi/1.0.0.v20140518/aether-spi-1.0.0.v20140518.pom
2025-04-01 14:55:49,736 [main] INFO  o.e.m.c.i.e.AbstractTransferListenerAdapter - Downloading https://repo.maven.apache.org/maven2/org/eclipse/aether/aether-impl/1.0.0.v20140518/aether-impl-1.0.0.v20140518.pom
2025-04-01 14:55:49,737 [main] INFO  o.e.m.c.i.e.AbstractTransferListenerAdapter - Downloaded https://repo.maven.apache.org/maven2/org/eclipse/aether/aether-impl/1.0.0.v20140518/aether-impl-1.0.0.v20140518.pom
2025-04-01 14:55:49,759 [main] INFO  o.e.m.c.i.e.AbstractTransferListenerAdapter - Downloading https://repo.maven.apache.org/maven2/org/sonatype/sisu/sisu-guice/3.2.3/sisu-guice-3.2.3.pom
2025-04-01 14:55:49,761 [main] INFO  o.e.m.c.i.e.AbstractTransferListenerAdapter - Downloaded https://repo.maven.apache.org/maven2/org/sonatype/sisu/sisu-guice/3.2.3/sisu-guice-3.2.3.pom
2025-04-01 14:55:49,781 [main] INFO  o.e.m.c.i.e.AbstractTransferListenerAdapter - Downloading https://repo.maven.apache.org/maven2/org/sonatype/sisu/inject/guice-parent/3.2.3/guice-parent-3.2.3.pom
2025-04-01 14:55:49,782 [main] INFO  o.e.m.c.i.e.AbstractTransferListenerAdapter - Downloaded https://repo.maven.apache.org/maven2/org/sonatype/sisu/inject/guice-parent/3.2.3/guice-parent-3.2.3.pom
2025-04-01 14:55:49,805 [main] INFO  o.e.m.c.i.e.AbstractTransferListenerAdapter - Downloading https://repo.maven.apache.org/maven2/org/sonatype/forge/forge-parent/38/forge-parent-38.pom
2025-04-01 14:55:49,807 [main] INFO  o.e.m.c.i.e.AbstractTransferListenerAdapter - Downloaded https://repo.maven.apache.org/maven2/org/sonatype/forge/forge-parent/38/forge-parent-38.pom
2025-04-01 14:55:49,831 [main] INFO  o.e.m.c.i.e.AbstractTransferListenerAdapter - Downloading https://repo.maven.apache.org/maven2/aopalliance/aopalliance/1.0/aopalliance-1.0.pom
2025-04-01 14:55:49,832 [main] INFO  o.e.m.c.i.e.AbstractTransferListenerAdapter - Downloaded https://repo.maven.apache.org/maven2/aopalliance/aopalliance/1.0/aopalliance-1.0.pom
2025-04-01 14:55:49,848 [main] INFO  o.e.m.c.i.e.AbstractTransferListenerAdapter - Downloading https://repo.maven.apache.org/maven2/com/google/guava/guava/16.0.1/guava-16.0.1.pom
2025-04-01 14:55:49,852 [main] INFO  o.e.m.c.i.e.AbstractTransferListenerAdapter - Downloaded https://repo.maven.apache.org/maven2/com/google/guava/guava/16.0.1/guava-16.0.1.pom
2025-04-01 14:55:49,873 [main] INFO  o.e.m.c.i.e.AbstractTransferListenerAdapter - Downloading https://repo.maven.apache.org/maven2/com/google/guava/guava-parent/16.0.1/guava-parent-16.0.1.pom
2025-04-01 14:55:49,884 [main] INFO  o.e.m.c.i.e.AbstractTransferListenerAdapter - Downloaded https://repo.maven.apache.org/maven2/com/google/guava/guava-parent/16.0.1/guava-parent-16.0.1.pom
2025-04-01 14:55:49,902 [main] INFO  o.e.m.c.i.e.AbstractTransferListenerAdapter - Downloading https://repo.maven.apache.org/maven2/org/codehaus/plexus/plexus-classworlds/2.5.2/plexus-classworlds-2.5.2.pom
2025-04-01 14:55:49,903 [main] INFO  o.e.m.c.i.e.AbstractTransferListenerAdapter - Downloaded https://repo.maven.apache.org/maven2/org/codehaus/plexus/plexus-classworlds/2.5.2/plexus-classworlds-2.5.2.pom
2025-04-01 14:55:49,922 [main] INFO  o.e.m.c.i.e.AbstractTransferListenerAdapter - Downloading https://repo.maven.apache.org/maven2/commons-io/commons-io/2.15.1/commons-io-2.15.1.pom
2025-04-01 14:55:49,923 [main] INFO  o.e.m.c.i.e.AbstractTransferListenerAdapter - Downloaded https://repo.maven.apache.org/maven2/commons-io/commons-io/2.15.1/commons-io-2.15.1.pom
2025-04-01 14:55:50,003 [main] INFO  o.e.m.c.i.e.AbstractTransferListenerAdapter - Downloading https://repo.maven.apache.org/maven2/org/apache/maven/surefire/maven-surefire-common/3.2.5/maven-surefire-common-3.2.5.jar
2025-04-01 14:55:50,044 [main] INFO  o.e.m.c.i.e.AbstractTransferListenerAdapter - Downloaded https://repo.maven.apache.org/maven2/org/apache/maven/surefire/maven-surefire-common/3.2.5/maven-surefire-common-3.2.5.jar
2025-04-01 14:55:50,066 [BasicRepositoryConnector-repo.maven.apache.org-0-2] INFO  o.e.m.c.i.e.AbstractTransferListenerAdapter - Downloading https://repo.maven.apache.org/maven2/org/apache/maven/surefire/surefire-extensions-api/3.2.5/surefire-extensions-api-3.2.5.jar
2025-04-01 14:55:50,070 [BasicRepositoryConnector-repo.maven.apache.org-0-2] INFO  o.e.m.c.i.e.AbstractTransferListenerAdapter - Downloaded https://repo.maven.apache.org/maven2/org/apache/maven/surefire/surefire-extensions-api/3.2.5/surefire-extensions-api-3.2.5.jar
2025-04-01 14:55:50,086 [BasicRepositoryConnector-repo.maven.apache.org-0-2] INFO  o.e.m.c.i.e.AbstractTransferListenerAdapter - Downloading https://repo.maven.apache.org/maven2/org/eclipse/aether/aether-util/1.0.0.v20140518/aether-util-1.0.0.v20140518.jar
2025-04-01 14:55:50,103 [BasicRepositoryConnector-repo.maven.apache.org-0-2] INFO  o.e.m.c.i.e.AbstractTransferListenerAdapter - Downloaded https://repo.maven.apache.org/maven2/org/eclipse/aether/aether-util/1.0.0.v20140518/aether-util-1.0.0.v20140518.jar
2025-04-01 14:55:50,105 [BasicRepositoryConnector-repo.maven.apache.org-0-4] INFO  o.e.m.c.i.e.AbstractTransferListenerAdapter - Downloading https://repo.maven.apache.org/maven2/org/apache/maven/surefire/surefire-extensions-spi/3.2.5/surefire-extensions-spi-3.2.5.jar
2025-04-01 14:55:50,105 [BasicRepositoryConnector-repo.maven.apache.org-0-3] INFO  o.e.m.c.i.e.AbstractTransferListenerAdapter - Downloading https://repo.maven.apache.org/maven2/org/apache/maven/surefire/surefire-booter/3.2.5/surefire-booter-3.2.5.jar
2025-04-01 14:55:50,106 [BasicRepositoryConnector-repo.maven.apache.org-0-4] INFO  o.e.m.c.i.e.AbstractTransferListenerAdapter - Downloaded https://repo.maven.apache.org/maven2/org/apache/maven/surefire/surefire-extensions-spi/3.2.5/surefire-extensions-spi-3.2.5.jar
2025-04-01 14:55:50,107 [BasicRepositoryConnector-repo.maven.apache.org-0-0] INFO  o.e.m.c.i.e.AbstractTransferListenerAdapter - Downloading https://repo.maven.apache.org/maven2/org/apache/maven/surefire/surefire-api/3.2.5/surefire-api-3.2.5.jar
2025-04-01 14:55:50,112 [BasicRepositoryConnector-repo.maven.apache.org-0-1] INFO  o.e.m.c.i.e.AbstractTransferListenerAdapter - Downloading https://repo.maven.apache.org/maven2/org/apache/maven/surefire/surefire-logger-api/3.2.5/surefire-logger-api-3.2.5.jar
2025-04-01 14:55:50,118 [BasicRepositoryConnector-repo.maven.apache.org-0-1] INFO  o.e.m.c.i.e.AbstractTransferListenerAdapter - Downloaded https://repo.maven.apache.org/maven2/org/apache/maven/surefire/surefire-logger-api/3.2.5/surefire-logger-api-3.2.5.jar
2025-04-01 14:55:50,131 [BasicRepositoryConnector-repo.maven.apache.org-0-2] INFO  o.e.m.c.i.e.AbstractTransferListenerAdapter - Downloading https://repo.maven.apache.org/maven2/org/eclipse/aether/aether-api/1.0.0.v20140518/aether-api-1.0.0.v20140518.jar
2025-04-01 14:55:50,148 [BasicRepositoryConnector-repo.maven.apache.org-0-3] INFO  o.e.m.c.i.e.AbstractTransferListenerAdapter - Downloaded https://repo.maven.apache.org/maven2/org/apache/maven/surefire/surefire-booter/3.2.5/surefire-booter-3.2.5.jar
2025-04-01 14:55:50,154 [BasicRepositoryConnector-repo.maven.apache.org-0-2] INFO  o.e.m.c.i.e.AbstractTransferListenerAdapter - Downloaded https://repo.maven.apache.org/maven2/org/eclipse/aether/aether-api/1.0.0.v20140518/aether-api-1.0.0.v20140518.jar
2025-04-01 14:55:50,157 [BasicRepositoryConnector-repo.maven.apache.org-0-4] INFO  o.e.m.c.i.e.AbstractTransferListenerAdapter - Downloading https://repo.maven.apache.org/maven2/org/apache/maven/shared/maven-common-artifact-filters/3.1.1/maven-common-artifact-filters-3.1.1.jar
2025-04-01 14:55:50,171 [BasicRepositoryConnector-repo.maven.apache.org-0-1] INFO  o.e.m.c.i.e.AbstractTransferListenerAdapter - Downloading https://repo.maven.apache.org/maven2/commons-io/commons-io/2.15.1/commons-io-2.15.1.jar
2025-04-01 14:55:50,181 [BasicRepositoryConnector-repo.maven.apache.org-0-3] INFO  o.e.m.c.i.e.AbstractTransferListenerAdapter - Downloading https://repo.maven.apache.org/maven2/org/apache/maven/surefire/surefire-shared-utils/3.2.5/surefire-shared-utils-3.2.5.jar
2025-04-01 14:55:50,182 [BasicRepositoryConnector-repo.maven.apache.org-0-0] INFO  o.e.m.c.i.e.AbstractTransferListenerAdapter - Downloaded https://repo.maven.apache.org/maven2/org/apache/maven/surefire/surefire-api/3.2.5/surefire-api-3.2.5.jar
2025-04-01 14:55:50,203 [BasicRepositoryConnector-repo.maven.apache.org-0-4] INFO  o.e.m.c.i.e.AbstractTransferListenerAdapter - Downloaded https://repo.maven.apache.org/maven2/org/apache/maven/shared/maven-common-artifact-filters/3.1.1/maven-common-artifact-filters-3.1.1.jar
2025-04-01 14:55:50,409 [BasicRepositoryConnector-repo.maven.apache.org-0-1] INFO  o.e.m.c.i.e.AbstractTransferListenerAdapter - Downloaded https://repo.maven.apache.org/maven2/commons-io/commons-io/2.15.1/commons-io-2.15.1.jar
2025-04-01 14:55:50,619 [BasicRepositoryConnector-repo.maven.apache.org-0-3] INFO  o.e.m.c.i.e.AbstractTransferListenerAdapter - Downloaded https://repo.maven.apache.org/maven2/org/apache/maven/surefire/surefire-shared-utils/3.2.5/surefire-shared-utils-3.2.5.jar
2025-04-01 14:57:45,272 [Worker-45: Building] WARN  o.a.m.s.f.DefaultMavenResourcesFiltering - Using platform encoding (UTF-8 actually) to copy filtered resources, i.e. build is platform dependent!
2025-04-01 14:57:45,287 [Worker-45: Building] INFO  o.a.m.s.f.DefaultMavenResourcesFiltering - Copying 0 resource from src/main/resources to target/classes
2025-04-01 14:57:45,295 [Worker-45: Building] WARN  o.a.m.s.f.DefaultMavenResourcesFiltering - Using platform encoding (UTF-8 actually) to copy filtered resources, i.e. build is platform dependent!
2025-04-01 14:57:45,297 [Worker-45: Building] INFO  o.a.m.s.f.DefaultMavenResourcesFiltering - Copying 0 resource from src/test/resources to target/test-classes
2025-04-01 14:57:48,069 [Worker-43: Building] WARN  o.a.m.s.f.DefaultMavenResourcesFiltering - Using platform encoding (UTF-8 actually) to copy filtered resources, i.e. build is platform dependent!
2025-04-01 14:57:48,070 [Worker-43: Building] INFO  o.a.m.s.f.DefaultMavenResourcesFiltering - Copying 0 resource from src/main/resources to target/classes
2025-04-01 14:57:48,072 [Worker-43: Building] WARN  o.a.m.s.f.DefaultMavenResourcesFiltering - Using platform encoding (UTF-8 actually) to copy filtered resources, i.e. build is platform dependent!
2025-04-01 14:57:48,073 [Worker-43: Building] INFO  o.a.m.s.f.DefaultMavenResourcesFiltering - Copying 0 resource from src/test/resources to target/test-classes
2025-04-01 14:58:13,600 [Worker-46: Building] WARN  o.a.m.s.f.DefaultMavenResourcesFiltering - Using platform encoding (UTF-8 actually) to copy filtered resources, i.e. build is platform dependent!
2025-04-01 14:58:13,601 [Worker-46: Building] INFO  o.a.m.s.f.DefaultMavenResourcesFiltering - Copying 0 resource from src/main/resources to target/classes
2025-04-01 14:58:13,604 [Worker-46: Building] WARN  o.a.m.s.f.DefaultMavenResourcesFiltering - Using platform encoding (UTF-8 actually) to copy filtered resources, i.e. build is platform dependent!
2025-04-01 14:58:13,604 [Worker-46: Building] INFO  o.a.m.s.f.DefaultMavenResourcesFiltering - Copying 0 resource from src/test/resources to target/test-classes
2025-04-01 14:59:34,542 [Worker-49: Building] WARN  o.a.m.s.f.DefaultMavenResourcesFiltering - Using platform encoding (UTF-8 actually) to copy filtered resources, i.e. build is platform dependent!
2025-04-01 14:59:34,568 [Worker-49: Building] INFO  o.a.m.s.f.DefaultMavenResourcesFiltering - Copying 0 resource from src/main/resources to target/classes
2025-04-01 14:59:34,585 [Worker-49: Building] WARN  o.a.m.s.f.DefaultMavenResourcesFiltering - Using platform encoding (UTF-8 actually) to copy filtered resources, i.e. build is platform dependent!
2025-04-01 14:59:34,589 [Worker-49: Building] INFO  o.a.m.s.f.DefaultMavenResourcesFiltering - Copying 0 resource from src/test/resources to target/test-classes
2025-04-01 14:59:46,700 [Worker-46: Building] WARN  o.a.m.s.f.DefaultMavenResourcesFiltering - Using platform encoding (UTF-8 actually) to copy filtered resources, i.e. build is platform dependent!
2025-04-01 14:59:46,701 [Worker-46: Building] INFO  o.a.m.s.f.DefaultMavenResourcesFiltering - Copying 0 resource from src/main/resources to target/classes
2025-04-01 14:59:46,704 [Worker-46: Building] WARN  o.a.m.s.f.DefaultMavenResourcesFiltering - Using platform encoding (UTF-8 actually) to copy filtered resources, i.e. build is platform dependent!
2025-04-01 14:59:46,705 [Worker-46: Building] INFO  o.a.m.s.f.DefaultMavenResourcesFiltering - Copying 0 resource from src/test/resources to target/test-classes
2025-04-01 15:00:24,405 [main] INFO  o.e.m.jdt.internal.UnitTestSupport - Updating ConcatTest from maven configuration
2025-04-01 15:00:33,655 [Worker-43: Launching ConcatTest] WARN  o.a.m.s.f.DefaultMavenResourcesFiltering - Using platform encoding (UTF-8 actually) to copy filtered resources, i.e. build is platform dependent!
2025-04-01 15:00:33,673 [Worker-43: Launching ConcatTest] INFO  o.a.m.s.f.DefaultMavenResourcesFiltering - Copying 0 resource from src/main/resources to target/classes
2025-04-01 15:00:33,679 [Worker-43: Launching ConcatTest] WARN  o.a.m.s.f.DefaultMavenResourcesFiltering - Using platform encoding (UTF-8 actually) to copy filtered resources, i.e. build is platform dependent!
2025-04-01 15:00:33,681 [Worker-43: Launching ConcatTest] INFO  o.a.m.s.f.DefaultMavenResourcesFiltering - Copying 0 resource from src/test/resources to target/test-classes
2025-04-01 15:03:05,212 [Worker-48: Building] WARN  o.a.m.s.f.DefaultMavenResourcesFiltering - Using platform encoding (UTF-8 actually) to copy filtered resources, i.e. build is platform dependent!
2025-04-01 15:03:05,240 [Worker-48: Building] INFO  o.a.m.s.f.DefaultMavenResourcesFiltering - Copying 0 resource from src/main/resources to target/classes
2025-04-01 15:03:05,250 [Worker-48: Building] WARN  o.a.m.s.f.DefaultMavenResourcesFiltering - Using platform encoding (UTF-8 actually) to copy filtered resources, i.e. build is platform dependent!
2025-04-01 15:03:05,252 [Worker-48: Building] INFO  o.a.m.s.f.DefaultMavenResourcesFiltering - Copying 0 resource from src/test/resources to target/test-classes
2025-04-01 15:03:39,213 [Worker-43: Building] WARN  o.a.m.s.f.DefaultMavenResourcesFiltering - Using platform encoding (UTF-8 actually) to copy filtered resources, i.e. build is platform dependent!
2025-04-01 15:03:39,215 [Worker-43: Building] INFO  o.a.m.s.f.DefaultMavenResourcesFiltering - Copying 0 resource from src/main/resources to target/classes
2025-04-01 15:03:39,217 [Worker-43: Building] WARN  o.a.m.s.f.DefaultMavenResourcesFiltering - Using platform encoding (UTF-8 actually) to copy filtered resources, i.e. build is platform dependent!
2025-04-01 15:03:39,218 [Worker-43: Building] INFO  o.a.m.s.f.DefaultMavenResourcesFiltering - Copying 0 resource from src/test/resources to target/test-classes
2025-04-01 15:04:38,446 [Worker-49: Building] WARN  o.a.m.s.f.DefaultMavenResourcesFiltering - Using platform encoding (UTF-8 actually) to copy filtered resources, i.e. build is platform dependent!
2025-04-01 15:04:38,464 [Worker-49: Building] INFO  o.a.m.s.f.DefaultMavenResourcesFiltering - Copying 0 resource from src/main/resources to target/classes
2025-04-01 15:04:38,470 [Worker-49: Building] WARN  o.a.m.s.f.DefaultMavenResourcesFiltering - Using platform encoding (UTF-8 actually) to copy filtered resources, i.e. build is platform dependent!
2025-04-01 15:04:38,472 [Worker-49: Building] INFO  o.a.m.s.f.DefaultMavenResourcesFiltering - Copying 0 resource from src/test/resources to target/test-classes
2025-04-01 15:04:51,409 [Worker-43: Building] WARN  o.a.m.s.f.DefaultMavenResourcesFiltering - Using platform encoding (UTF-8 actually) to copy filtered resources, i.e. build is platform dependent!
2025-04-01 15:04:51,411 [Worker-43: Building] INFO  o.a.m.s.f.DefaultMavenResourcesFiltering - Copying 0 resource from src/main/resources to target/classes
2025-04-01 15:04:51,414 [Worker-43: Building] WARN  o.a.m.s.f.DefaultMavenResourcesFiltering - Using platform encoding (UTF-8 actually) to copy filtered resources, i.e. build is platform dependent!
2025-04-01 15:04:51,414 [Worker-43: Building] INFO  o.a.m.s.f.DefaultMavenResourcesFiltering - Copying 0 resource from src/test/resources to target/test-classes
2025-04-01 15:05:32,244 [Worker-44: Building] WARN  o.a.m.s.f.DefaultMavenResourcesFiltering - Using platform encoding (UTF-8 actually) to copy filtered resources, i.e. build is platform dependent!
2025-04-01 15:05:32,245 [Worker-44: Building] INFO  o.a.m.s.f.DefaultMavenResourcesFiltering - Copying 0 resource from src/main/resources to target/classes
2025-04-01 15:05:32,246 [Worker-44: Building] WARN  o.a.m.s.f.DefaultMavenResourcesFiltering - Using platform encoding (UTF-8 actually) to copy filtered resources, i.e. build is platform dependent!
2025-04-01 15:05:32,247 [Worker-44: Building] INFO  o.a.m.s.f.DefaultMavenResourcesFiltering - Copying 0 resource from src/test/resources to target/test-classes
2025-04-01 15:06:26,958 [Worker-50: Building] WARN  o.a.m.s.f.DefaultMavenResourcesFiltering - Using platform encoding (UTF-8 actually) to copy filtered resources, i.e. build is platform dependent!
2025-04-01 15:06:27,030 [Worker-50: Building] INFO  o.a.m.s.f.DefaultMavenResourcesFiltering - Copying 0 resource from src/main/resources to target/classes
2025-04-01 15:06:27,052 [Worker-50: Building] WARN  o.a.m.s.f.DefaultMavenResourcesFiltering - Using platform encoding (UTF-8 actually) to copy filtered resources, i.e. build is platform dependent!
2025-04-01 15:06:27,055 [Worker-50: Building] INFO  o.a.m.s.f.DefaultMavenResourcesFiltering - Copying 0 resource from src/test/resources to target/test-classes
2025-04-01 15:07:33,809 [main] INFO  o.e.m.jdt.internal.UnitTestSupport - Updating AllTests from maven configuration
2025-04-01 15:09:16,416 [Worker-48: Building] WARN  o.a.m.s.f.DefaultMavenResourcesFiltering - Using platform encoding (UTF-8 actually) to copy filtered resources, i.e. build is platform dependent!
2025-04-01 15:09:16,464 [Worker-48: Building] INFO  o.a.m.s.f.DefaultMavenResourcesFiltering - Copying 0 resource from src/main/resources to target/classes
2025-04-01 15:09:16,484 [Worker-48: Building] WARN  o.a.m.s.f.DefaultMavenResourcesFiltering - Using platform encoding (UTF-8 actually) to copy filtered resources, i.e. build is platform dependent!
2025-04-01 15:09:16,488 [Worker-48: Building] INFO  o.a.m.s.f.DefaultMavenResourcesFiltering - Copying 0 resource from src/test/resources to target/test-classes
2025-04-01 15:09:43,810 [Worker-44: Building] WARN  o.a.m.s.f.DefaultMavenResourcesFiltering - Using platform encoding (UTF-8 actually) to copy filtered resources, i.e. build is platform dependent!
2025-04-01 15:09:43,813 [Worker-44: Building] INFO  o.a.m.s.f.DefaultMavenResourcesFiltering - Copying 0 resource from src/main/resources to target/classes
2025-04-01 15:09:43,814 [Worker-44: Building] WARN  o.a.m.s.f.DefaultMavenResourcesFiltering - Using platform encoding (UTF-8 actually) to copy filtered resources, i.e. build is platform dependent!
2025-04-01 15:09:43,815 [Worker-44: Building] INFO  o.a.m.s.f.DefaultMavenResourcesFiltering - Copying 0 resource from src/test/resources to target/test-classes
2025-04-01 15:10:54,213 [Worker-43: Building] WARN  o.a.m.s.f.DefaultMavenResourcesFiltering - Using platform encoding (UTF-8 actually) to copy filtered resources, i.e. build is platform dependent!
2025-04-01 15:10:54,218 [Worker-43: Building] INFO  o.a.m.s.f.DefaultMavenResourcesFiltering - Copying 0 resource from src/main/resources to target/classes
2025-04-01 15:10:54,220 [Worker-43: Building] WARN  o.a.m.s.f.DefaultMavenResourcesFiltering - Using platform encoding (UTF-8 actually) to copy filtered resources, i.e. build is platform dependent!
2025-04-01 15:10:54,222 [Worker-43: Building] INFO  o.a.m.s.f.DefaultMavenResourcesFiltering - Copying 0 resource from src/test/resources to target/test-classes
2025-04-01 15:11:46,500 [Worker-49: Building] WARN  o.a.m.s.f.DefaultMavenResourcesFiltering - Using platform encoding (UTF-8 actually) to copy filtered resources, i.e. build is platform dependent!
2025-04-01 15:11:46,502 [Worker-49: Building] INFO  o.a.m.s.f.DefaultMavenResourcesFiltering - Copying 0 resource from src/main/resources to target/classes
2025-04-01 15:11:46,503 [Worker-49: Building] WARN  o.a.m.s.f.DefaultMavenResourcesFiltering - Using platform encoding (UTF-8 actually) to copy filtered resources, i.e. build is platform dependent!
2025-04-01 15:11:46,504 [Worker-49: Building] INFO  o.a.m.s.f.DefaultMavenResourcesFiltering - Copying 0 resource from src/test/resources to target/test-classes
2025-04-01 15:12:07,290 [Worker-48: Building] WARN  o.a.m.s.f.DefaultMavenResourcesFiltering - Using platform encoding (UTF-8 actually) to copy filtered resources, i.e. build is platform dependent!
2025-04-01 15:12:07,303 [Worker-48: Building] INFO  o.a.m.s.f.DefaultMavenResourcesFiltering - Copying 0 resource from src/main/resources to target/classes
2025-04-01 15:12:07,312 [Worker-48: Building] WARN  o.a.m.s.f.DefaultMavenResourcesFiltering - Using platform encoding (UTF-8 actually) to copy filtered resources, i.e. build is platform dependent!
2025-04-01 15:12:07,314 [Worker-48: Building] INFO  o.a.m.s.f.DefaultMavenResourcesFiltering - Copying 0 resource from src/test/resources to target/test-classes
2025-04-01 15:12:50,912 [Worker-48: Building] WARN  o.a.m.s.f.DefaultMavenResourcesFiltering - Using platform encoding (UTF-8 actually) to copy filtered resources, i.e. build is platform dependent!
2025-04-01 15:12:50,944 [Worker-48: Building] INFO  o.a.m.s.f.DefaultMavenResourcesFiltering - Copying 0 resource from src/main/resources to target/classes
2025-04-01 15:12:50,952 [Worker-48: Building] WARN  o.a.m.s.f.DefaultMavenResourcesFiltering - Using platform encoding (UTF-8 actually) to copy filtered resources, i.e. build is platform dependent!
2025-04-01 15:12:50,953 [Worker-48: Building] INFO  o.a.m.s.f.DefaultMavenResourcesFiltering - Copying 0 resource from src/test/resources to target/test-classes
2025-04-01 15:13:06,861 [Worker-46: Building] WARN  o.a.m.s.f.DefaultMavenResourcesFiltering - Using platform encoding (UTF-8 actually) to copy filtered resources, i.e. build is platform dependent!
2025-04-01 15:13:06,863 [Worker-46: Building] INFO  o.a.m.s.f.DefaultMavenResourcesFiltering - Copying 0 resource from src/main/resources to target/classes
2025-04-01 15:13:06,870 [Worker-46: Building] WARN  o.a.m.s.f.DefaultMavenResourcesFiltering - Using platform encoding (UTF-8 actually) to copy filtered resources, i.e. build is platform dependent!
2025-04-01 15:13:06,871 [Worker-46: Building] INFO  o.a.m.s.f.DefaultMavenResourcesFiltering - Copying 0 resource from src/test/resources to target/test-classes
2025-04-01 15:13:19,871 [Worker-44: Building] WARN  o.a.m.s.f.DefaultMavenResourcesFiltering - Using platform encoding (UTF-8 actually) to copy filtered resources, i.e. build is platform dependent!
2025-04-01 15:13:19,873 [Worker-44: Building] INFO  o.a.m.s.f.DefaultMavenResourcesFiltering - Copying 0 resource from src/main/resources to target/classes
2025-04-01 15:13:19,875 [Worker-44: Building] WARN  o.a.m.s.f.DefaultMavenResourcesFiltering - Using platform encoding (UTF-8 actually) to copy filtered resources, i.e. build is platform dependent!
2025-04-01 15:13:19,876 [Worker-44: Building] INFO  o.a.m.s.f.DefaultMavenResourcesFiltering - Copying 0 resource from src/test/resources to target/test-classes
2025-04-01 15:15:03,044 [Worker-43: Building] WARN  o.a.m.s.f.DefaultMavenResourcesFiltering - Using platform encoding (UTF-8 actually) to copy filtered resources, i.e. build is platform dependent!
2025-04-01 15:15:03,047 [Worker-43: Building] INFO  o.a.m.s.f.DefaultMavenResourcesFiltering - Copying 0 resource from src/main/resources to target/classes
2025-04-01 15:15:03,049 [Worker-43: Building] WARN  o.a.m.s.f.DefaultMavenResourcesFiltering - Using platform encoding (UTF-8 actually) to copy filtered resources, i.e. build is platform dependent!
2025-04-01 15:15:03,049 [Worker-43: Building] INFO  o.a.m.s.f.DefaultMavenResourcesFiltering - Copying 0 resource from src/test/resources to target/test-classes
2025-04-01 15:15:17,584 [Worker-46: Building] WARN  o.a.m.s.f.DefaultMavenResourcesFiltering - Using platform encoding (UTF-8 actually) to copy filtered resources, i.e. build is platform dependent!
2025-04-01 15:15:17,586 [Worker-46: Building] INFO  o.a.m.s.f.DefaultMavenResourcesFiltering - Copying 0 resource from src/main/resources to target/classes
2025-04-01 15:15:17,587 [Worker-46: Building] WARN  o.a.m.s.f.DefaultMavenResourcesFiltering - Using platform encoding (UTF-8 actually) to copy filtered resources, i.e. build is platform dependent!
2025-04-01 15:15:17,587 [Worker-46: Building] INFO  o.a.m.s.f.DefaultMavenResourcesFiltering - Copying 0 resource from src/test/resources to target/test-classes
2025-04-01 15:43:47,619 [Worker-44: Building] WARN  o.a.m.s.f.DefaultMavenResourcesFiltering - Using platform encoding (UTF-8 actually) to copy filtered resources, i.e. build is platform dependent!
2025-04-01 15:43:47,622 [Worker-44: Building] INFO  o.a.m.s.f.DefaultMavenResourcesFiltering - Copying 0 resource from src/main/resources to target/classes
2025-04-01 15:43:47,624 [Worker-44: Building] WARN  o.a.m.s.f.DefaultMavenResourcesFiltering - Using platform encoding (UTF-8 actually) to copy filtered resources, i.e. build is platform dependent!
2025-04-01 15:43:47,625 [Worker-44: Building] INFO  o.a.m.s.f.DefaultMavenResourcesFiltering - Copying 0 resource from src/test/resources to target/test-classes
2025-04-01 15:44:09,297 [Worker-49: Building] WARN  o.a.m.s.f.DefaultMavenResourcesFiltering - Using platform encoding (UTF-8 actually) to copy filtered resources, i.e. build is platform dependent!
2025-04-01 15:44:09,356 [Worker-49: Building] INFO  o.a.m.s.f.DefaultMavenResourcesFiltering - Copying 0 resource from src/main/resources to target/classes
2025-04-01 15:44:09,367 [Worker-49: Building] WARN  o.a.m.s.f.DefaultMavenResourcesFiltering - Using platform encoding (UTF-8 actually) to copy filtered resources, i.e. build is platform dependent!
2025-04-01 15:44:09,368 [Worker-49: Building] INFO  o.a.m.s.f.DefaultMavenResourcesFiltering - Copying 0 resource from src/test/resources to target/test-classes
2025-04-01 15:44:36,146 [Worker-49: Building] WARN  o.a.m.s.f.DefaultMavenResourcesFiltering - Using platform encoding (UTF-8 actually) to copy filtered resources, i.e. build is platform dependent!
2025-04-01 15:44:36,148 [Worker-49: Building] INFO  o.a.m.s.f.DefaultMavenResourcesFiltering - Copying 0 resource from src/main/resources to target/classes
2025-04-01 15:44:36,152 [Worker-49: Building] WARN  o.a.m.s.f.DefaultMavenResourcesFiltering - Using platform encoding (UTF-8 actually) to copy filtered resources, i.e. build is platform dependent!
2025-04-01 15:44:36,153 [Worker-49: Building] INFO  o.a.m.s.f.DefaultMavenResourcesFiltering - Copying 0 resource from src/test/resources to target/test-classes
2025-04-01 15:50:00,406 [Worker-52: Building] WARN  o.a.m.s.f.DefaultMavenResourcesFiltering - Using platform encoding (UTF-8 actually) to copy filtered resources, i.e. build is platform dependent!
2025-04-01 15:50:00,429 [Worker-52: Building] INFO  o.a.m.s.f.DefaultMavenResourcesFiltering - Copying 0 resource from src/main/resources to target/classes
2025-04-01 15:50:00,438 [Worker-52: Building] WARN  o.a.m.s.f.DefaultMavenResourcesFiltering - Using platform encoding (UTF-8 actually) to copy filtered resources, i.e. build is platform dependent!
2025-04-01 15:50:00,439 [Worker-52: Building] INFO  o.a.m.s.f.DefaultMavenResourcesFiltering - Copying 0 resource from src/test/resources to target/test-classes
2025-04-01 15:50:12,431 [main] INFO  o.e.m.jdt.internal.UnitTestSupport - Updating ScoreCollectionTest from maven configuration
2025-04-01 15:50:19,843 [Worker-52: Launching ScoreCollectionTest] WARN  o.a.m.s.f.DefaultMavenResourcesFiltering - Using platform encoding (UTF-8 actually) to copy filtered resources, i.e. build is platform dependent!
2025-04-01 15:50:19,844 [Worker-52: Launching ScoreCollectionTest] INFO  o.a.m.s.f.DefaultMavenResourcesFiltering - Copying 0 resource from src/main/resources to target/classes
2025-04-01 15:50:19,846 [Worker-52: Launching ScoreCollectionTest] WARN  o.a.m.s.f.DefaultMavenResourcesFiltering - Using platform encoding (UTF-8 actually) to copy filtered resources, i.e. build is platform dependent!
2025-04-01 15:50:19,847 [Worker-52: Launching ScoreCollectionTest] INFO  o.a.m.s.f.DefaultMavenResourcesFiltering - Copying 0 resource from src/test/resources to target/test-classes
2025-04-01 15:55:55,865 [main] INFO  o.e.m.jdt.internal.UnitTestSupport - Updating task3_2P from maven configuration
2025-04-01 16:00:38,525 [Worker-57: Building] WARN  o.a.m.s.f.DefaultMavenResourcesFiltering - Using platform encoding (UTF-8 actually) to copy filtered resources, i.e. build is platform dependent!
2025-04-01 16:00:38,537 [Worker-57: Building] INFO  o.a.m.s.f.DefaultMavenResourcesFiltering - skip non existing resourceDirectory /Users/trungquan/eclipse-workspace/SIT333/task3_2P/src/main/resources
2025-04-01 16:00:38,543 [Worker-57: Building] WARN  o.a.m.s.f.DefaultMavenResourcesFiltering - Using platform encoding (UTF-8 actually) to copy filtered resources, i.e. build is platform dependent!
2025-04-01 16:00:38,544 [Worker-57: Building] INFO  o.a.m.s.f.DefaultMavenResourcesFiltering - skip non existing resourceDirectory /Users/trungquan/eclipse-workspace/SIT333/task3_2P/src/test/resources
2025-04-01 17:13:37,230 [Worker-64: Building] WARN  o.a.m.s.f.DefaultMavenResourcesFiltering - Using platform encoding (UTF-8 actually) to copy filtered resources, i.e. build is platform dependent!
2025-04-01 17:13:37,246 [Worker-64: Building] INFO  o.a.m.s.f.DefaultMavenResourcesFiltering - skip non existing resourceDirectory /Users/trungquan/eclipse-workspace/SIT333/task3_2P/src/main/resources
2025-04-01 17:13:37,255 [Worker-64: Building] WARN  o.a.m.s.f.DefaultMavenResourcesFiltering - Using platform encoding (UTF-8 actually) to copy filtered resources, i.e. build is platform dependent!
2025-04-01 17:13:37,256 [Worker-64: Building] INFO  o.a.m.s.f.DefaultMavenResourcesFiltering - skip non existing resourceDirectory /Users/trungquan/eclipse-workspace/SIT333/task3_2P/src/test/resources
2025-04-01 17:13:59,547 [Worker-63: Building] WARN  o.a.m.s.f.DefaultMavenResourcesFiltering - Using platform encoding (UTF-8 actually) to copy filtered resources, i.e. build is platform dependent!
2025-04-01 17:13:59,549 [Worker-63: Building] INFO  o.a.m.s.f.DefaultMavenResourcesFiltering - skip non existing resourceDirectory /Users/trungquan/eclipse-workspace/SIT333/task3_2P/src/main/resources
2025-04-01 17:13:59,553 [Worker-63: Building] WARN  o.a.m.s.f.DefaultMavenResourcesFiltering - Using platform encoding (UTF-8 actually) to copy filtered resources, i.e. build is platform dependent!
2025-04-01 17:13:59,553 [Worker-63: Building] INFO  o.a.m.s.f.DefaultMavenResourcesFiltering - skip non existing resourceDirectory /Users/trungquan/eclipse-workspace/SIT333/task3_2P/src/test/resources
2025-04-01 17:14:46,400 [Worker-64: Building] WARN  o.a.m.s.f.DefaultMavenResourcesFiltering - Using platform encoding (UTF-8 actually) to copy filtered resources, i.e. build is platform dependent!
2025-04-01 17:14:46,401 [Worker-64: Building] INFO  o.a.m.s.f.DefaultMavenResourcesFiltering - skip non existing resourceDirectory /Users/trungquan/eclipse-workspace/SIT333/task3_2P/src/main/resources
2025-04-01 17:14:46,405 [Worker-64: Building] WARN  o.a.m.s.f.DefaultMavenResourcesFiltering - Using platform encoding (UTF-8 actually) to copy filtered resources, i.e. build is platform dependent!
2025-04-01 17:14:46,406 [Worker-64: Building] INFO  o.a.m.s.f.DefaultMavenResourcesFiltering - skip non existing resourceDirectory /Users/trungquan/eclipse-workspace/SIT333/task3_2P/src/test/resources
2025-04-01 17:16:09,341 [Worker-61: Building] WARN  o.a.m.s.f.DefaultMavenResourcesFiltering - Using platform encoding (UTF-8 actually) to copy filtered resources, i.e. build is platform dependent!
2025-04-01 17:16:09,356 [Worker-61: Building] INFO  o.a.m.s.f.DefaultMavenResourcesFiltering - skip non existing resourceDirectory /Users/trungquan/eclipse-workspace/SIT333/task3_2P/src/main/resources
2025-04-01 17:16:09,365 [Worker-61: Building] WARN  o.a.m.s.f.DefaultMavenResourcesFiltering - Using platform encoding (UTF-8 actually) to copy filtered resources, i.e. build is platform dependent!
2025-04-01 17:16:09,367 [Worker-61: Building] INFO  o.a.m.s.f.DefaultMavenResourcesFiltering - skip non existing resourceDirectory /Users/trungquan/eclipse-workspace/SIT333/task3_2P/src/test/resources
2025-04-01 17:16:31,678 [Worker-66: Building] WARN  o.a.m.s.f.DefaultMavenResourcesFiltering - Using platform encoding (UTF-8 actually) to copy filtered resources, i.e. build is platform dependent!
2025-04-01 17:16:31,679 [Worker-66: Building] INFO  o.a.m.s.f.DefaultMavenResourcesFiltering - skip non existing resourceDirectory /Users/trungquan/eclipse-workspace/SIT333/task3_2P/src/main/resources
2025-04-01 17:16:31,680 [Worker-66: Building] WARN  o.a.m.s.f.DefaultMavenResourcesFiltering - Using platform encoding (UTF-8 actually) to copy filtered resources, i.e. build is platform dependent!
2025-04-01 17:16:31,681 [Worker-66: Building] INFO  o.a.m.s.f.DefaultMavenResourcesFiltering - skip non existing resourceDirectory /Users/trungquan/eclipse-workspace/SIT333/task3_2P/src/test/resources
2025-04-01 17:16:55,914 [Worker-61: Building] WARN  o.a.m.s.f.DefaultMavenResourcesFiltering - Using platform encoding (UTF-8 actually) to copy filtered resources, i.e. build is platform dependent!
2025-04-01 17:16:55,915 [Worker-61: Building] INFO  o.a.m.s.f.DefaultMavenResourcesFiltering - skip non existing resourceDirectory /Users/trungquan/eclipse-workspace/SIT333/task3_2P/src/main/resources
2025-04-01 17:16:55,916 [Worker-61: Building] WARN  o.a.m.s.f.DefaultMavenResourcesFiltering - Using platform encoding (UTF-8 actually) to copy filtered resources, i.e. build is platform dependent!
2025-04-01 17:16:55,917 [Worker-61: Building] INFO  o.a.m.s.f.DefaultMavenResourcesFiltering - skip non existing resourceDirectory /Users/trungquan/eclipse-workspace/SIT333/task3_2P/src/test/resources
2025-04-01 17:20:30,994 [Worker-63: Building] WARN  o.a.m.s.f.DefaultMavenResourcesFiltering - Using platform encoding (UTF-8 actually) to copy filtered resources, i.e. build is platform dependent!
2025-04-01 17:20:31,027 [Worker-63: Building] INFO  o.a.m.s.f.DefaultMavenResourcesFiltering - skip non existing resourceDirectory /Users/trungquan/eclipse-workspace/SIT333/task3_2P/src/main/resources
2025-04-01 17:20:31,045 [Worker-63: Building] WARN  o.a.m.s.f.DefaultMavenResourcesFiltering - Using platform encoding (UTF-8 actually) to copy filtered resources, i.e. build is platform dependent!
2025-04-01 17:20:31,047 [Worker-63: Building] INFO  o.a.m.s.f.DefaultMavenResourcesFiltering - skip non existing resourceDirectory /Users/trungquan/eclipse-workspace/SIT333/task3_2P/src/test/resources
2025-04-01 17:21:37,564 [Worker-66: Building] WARN  o.a.m.s.f.DefaultMavenResourcesFiltering - Using platform encoding (UTF-8 actually) to copy filtered resources, i.e. build is platform dependent!
2025-04-01 17:21:37,580 [Worker-66: Building] INFO  o.a.m.s.f.DefaultMavenResourcesFiltering - skip non existing resourceDirectory /Users/trungquan/eclipse-workspace/SIT333/task3_2P/src/main/resources
2025-04-01 17:21:37,589 [Worker-66: Building] WARN  o.a.m.s.f.DefaultMavenResourcesFiltering - Using platform encoding (UTF-8 actually) to copy filtered resources, i.e. build is platform dependent!
2025-04-01 17:21:37,591 [Worker-66: Building] INFO  o.a.m.s.f.DefaultMavenResourcesFiltering - skip non existing resourceDirectory /Users/trungquan/eclipse-workspace/SIT333/task3_2P/src/test/resources
2025-04-01 17:22:31,815 [Worker-68: Building] WARN  o.a.m.s.f.DefaultMavenResourcesFiltering - Using platform encoding (UTF-8 actually) to copy filtered resources, i.e. build is platform dependent!
2025-04-01 17:22:31,817 [Worker-68: Building] INFO  o.a.m.s.f.DefaultMavenResourcesFiltering - skip non existing resourceDirectory /Users/trungquan/eclipse-workspace/SIT333/task3_2P/src/main/resources
2025-04-01 17:22:31,819 [Worker-68: Building] WARN  o.a.m.s.f.DefaultMavenResourcesFiltering - Using platform encoding (UTF-8 actually) to copy filtered resources, i.e. build is platform dependent!
2025-04-01 17:22:31,819 [Worker-68: Building] INFO  o.a.m.s.f.DefaultMavenResourcesFiltering - skip non existing resourceDirectory /Users/trungquan/eclipse-workspace/SIT333/task3_2P/src/test/resources
2025-04-01 17:30:15,460 [Worker-64: Building] WARN  o.a.m.s.f.DefaultMavenResourcesFiltering - Using platform encoding (UTF-8 actually) to copy filtered resources, i.e. build is platform dependent!
2025-04-01 17:30:15,474 [Worker-64: Building] INFO  o.a.m.s.f.DefaultMavenResourcesFiltering - skip non existing resourceDirectory /Users/trungquan/eclipse-workspace/SIT333/task3_2P/src/main/resources
2025-04-01 17:30:15,482 [Worker-64: Building] WARN  o.a.m.s.f.DefaultMavenResourcesFiltering - Using platform encoding (UTF-8 actually) to copy filtered resources, i.e. build is platform dependent!
2025-04-01 17:30:15,483 [Worker-64: Building] INFO  o.a.m.s.f.DefaultMavenResourcesFiltering - skip non existing resourceDirectory /Users/trungquan/eclipse-workspace/SIT333/task3_2P/src/test/resources
2025-04-01 17:30:28,469 [Worker-65: Building] WARN  o.a.m.s.f.DefaultMavenResourcesFiltering - Using platform encoding (UTF-8 actually) to copy filtered resources, i.e. build is platform dependent!
2025-04-01 17:30:28,470 [Worker-65: Building] INFO  o.a.m.s.f.DefaultMavenResourcesFiltering - skip non existing resourceDirectory /Users/trungquan/eclipse-workspace/SIT333/task3_2P/src/main/resources
2025-04-01 17:30:28,471 [Worker-65: Building] WARN  o.a.m.s.f.DefaultMavenResourcesFiltering - Using platform encoding (UTF-8 actually) to copy filtered resources, i.e. build is platform dependent!
2025-04-01 17:30:28,471 [Worker-65: Building] INFO  o.a.m.s.f.DefaultMavenResourcesFiltering - skip non existing resourceDirectory /Users/trungquan/eclipse-workspace/SIT333/task3_2P/src/test/resources
2025-04-01 17:30:50,991 [Worker-64: Building] WARN  o.a.m.s.f.DefaultMavenResourcesFiltering - Using platform encoding (UTF-8 actually) to copy filtered resources, i.e. build is platform dependent!
2025-04-01 17:30:50,992 [Worker-64: Building] INFO  o.a.m.s.f.DefaultMavenResourcesFiltering - skip non existing resourceDirectory /Users/trungquan/eclipse-workspace/SIT333/task3_2P/src/main/resources
2025-04-01 17:30:50,993 [Worker-64: Building] WARN  o.a.m.s.f.DefaultMavenResourcesFiltering - Using platform encoding (UTF-8 actually) to copy filtered resources, i.e. build is platform dependent!
2025-04-01 17:30:50,994 [Worker-64: Building] INFO  o.a.m.s.f.DefaultMavenResourcesFiltering - skip non existing resourceDirectory /Users/trungquan/eclipse-workspace/SIT333/task3_2P/src/test/resources
2025-04-01 17:30:53,656 [Worker-70: Building] WARN  o.a.m.s.f.DefaultMavenResourcesFiltering - Using platform encoding (UTF-8 actually) to copy filtered resources, i.e. build is platform dependent!
2025-04-01 17:30:53,657 [Worker-70: Building] INFO  o.a.m.s.f.DefaultMavenResourcesFiltering - skip non existing resourceDirectory /Users/trungquan/eclipse-workspace/SIT333/task3_2P/src/main/resources
2025-04-01 17:30:53,658 [Worker-70: Building] WARN  o.a.m.s.f.DefaultMavenResourcesFiltering - Using platform encoding (UTF-8 actually) to copy filtered resources, i.e. build is platform dependent!
2025-04-01 17:30:53,658 [Worker-70: Building] INFO  o.a.m.s.f.DefaultMavenResourcesFiltering - skip non existing resourceDirectory /Users/trungquan/eclipse-workspace/SIT333/task3_2P/src/test/resources
2025-04-01 17:31:14,187 [Worker-70: Building] WARN  o.a.m.s.f.DefaultMavenResourcesFiltering - Using platform encoding (UTF-8 actually) to copy filtered resources, i.e. build is platform dependent!
2025-04-01 17:31:14,211 [Worker-70: Building] INFO  o.a.m.s.f.DefaultMavenResourcesFiltering - skip non existing resourceDirectory /Users/trungquan/eclipse-workspace/SIT333/task3_2P/src/main/resources
2025-04-01 17:31:14,232 [Worker-70: Building] WARN  o.a.m.s.f.DefaultMavenResourcesFiltering - Using platform encoding (UTF-8 actually) to copy filtered resources, i.e. build is platform dependent!
2025-04-01 17:31:14,235 [Worker-70: Building] INFO  o.a.m.s.f.DefaultMavenResourcesFiltering - skip non existing resourceDirectory /Users/trungquan/eclipse-workspace/SIT333/task3_2P/src/test/resources
2025-04-01 17:35:36,665 [Worker-71: Building] WARN  o.a.m.s.f.DefaultMavenResourcesFiltering - Using platform encoding (UTF-8 actually) to copy filtered resources, i.e. build is platform dependent!
2025-04-01 17:35:36,681 [Worker-71: Building] INFO  o.a.m.s.f.DefaultMavenResourcesFiltering - skip non existing resourceDirectory /Users/trungquan/eclipse-workspace/SIT333/task3_2P/src/main/resources
2025-04-01 17:35:36,692 [Worker-71: Building] WARN  o.a.m.s.f.DefaultMavenResourcesFiltering - Using platform encoding (UTF-8 actually) to copy filtered resources, i.e. build is platform dependent!
2025-04-01 17:35:36,694 [Worker-71: Building] INFO  o.a.m.s.f.DefaultMavenResourcesFiltering - skip non existing resourceDirectory /Users/trungquan/eclipse-workspace/SIT333/task3_2P/src/test/resources
2025-04-01 17:36:28,776 [Worker-72: Building] WARN  o.a.m.s.f.DefaultMavenResourcesFiltering - Using platform encoding (UTF-8 actually) to copy filtered resources, i.e. build is platform dependent!
2025-04-01 17:36:28,778 [Worker-72: Building] INFO  o.a.m.s.f.DefaultMavenResourcesFiltering - skip non existing resourceDirectory /Users/trungquan/eclipse-workspace/SIT333/task3_2P/src/main/resources
2025-04-01 17:36:28,781 [Worker-72: Building] WARN  o.a.m.s.f.DefaultMavenResourcesFiltering - Using platform encoding (UTF-8 actually) to copy filtered resources, i.e. build is platform dependent!
2025-04-01 17:36:28,781 [Worker-72: Building] INFO  o.a.m.s.f.DefaultMavenResourcesFiltering - skip non existing resourceDirectory /Users/trungquan/eclipse-workspace/SIT333/task3_2P/src/test/resources
2025-04-01 17:36:34,927 [Worker-71: Building] WARN  o.a.m.s.f.DefaultMavenResourcesFiltering - Using platform encoding (UTF-8 actually) to copy filtered resources, i.e. build is platform dependent!
2025-04-01 17:36:34,927 [Worker-71: Building] INFO  o.a.m.s.f.DefaultMavenResourcesFiltering - skip non existing resourceDirectory /Users/trungquan/eclipse-workspace/SIT333/task3_2P/src/main/resources
2025-04-01 17:36:34,929 [Worker-71: Building] WARN  o.a.m.s.f.DefaultMavenResourcesFiltering - Using platform encoding (UTF-8 actually) to copy filtered resources, i.e. build is platform dependent!
2025-04-01 17:36:34,929 [Worker-71: Building] INFO  o.a.m.s.f.DefaultMavenResourcesFiltering - skip non existing resourceDirectory /Users/trungquan/eclipse-workspace/SIT333/task3_2P/src/test/resources
2025-04-01 17:43:17,598 [Worker-76: Building] WARN  o.a.m.s.f.DefaultMavenResourcesFiltering - Using platform encoding (UTF-8 actually) to copy filtered resources, i.e. build is platform dependent!
2025-04-01 17:43:17,631 [Worker-76: Building] INFO  o.a.m.s.f.DefaultMavenResourcesFiltering - skip non existing resourceDirectory /Users/trungquan/eclipse-workspace/SIT333/task3_2P/src/main/resources
2025-04-01 17:43:17,651 [Worker-76: Building] WARN  o.a.m.s.f.DefaultMavenResourcesFiltering - Using platform encoding (UTF-8 actually) to copy filtered resources, i.e. build is platform dependent!
2025-04-01 17:43:17,657 [Worker-76: Building] INFO  o.a.m.s.f.DefaultMavenResourcesFiltering - skip non existing resourceDirectory /Users/trungquan/eclipse-workspace/SIT333/task3_2P/src/test/resources
2025-04-01 17:45:22,733 [Worker-79: Building] WARN  o.a.m.s.f.DefaultMavenResourcesFiltering - Using platform encoding (UTF-8 actually) to copy filtered resources, i.e. build is platform dependent!
2025-04-01 17:45:22,737 [Worker-79: Building] INFO  o.a.m.s.f.DefaultMavenResourcesFiltering - skip non existing resourceDirectory /Users/trungquan/eclipse-workspace/SIT333/task3_2P/src/main/resources
2025-04-01 17:45:22,740 [Worker-79: Building] WARN  o.a.m.s.f.DefaultMavenResourcesFiltering - Using platform encoding (UTF-8 actually) to copy filtered resources, i.e. build is platform dependent!
2025-04-01 17:45:22,741 [Worker-79: Building] INFO  o.a.m.s.f.DefaultMavenResourcesFiltering - skip non existing resourceDirectory /Users/trungquan/eclipse-workspace/SIT333/task3_2P/src/test/resources
2025-04-01 17:45:42,041 [Worker-76: Building] WARN  o.a.m.s.f.DefaultMavenResourcesFiltering - Using platform encoding (UTF-8 actually) to copy filtered resources, i.e. build is platform dependent!
2025-04-01 17:45:42,043 [Worker-76: Building] INFO  o.a.m.s.f.DefaultMavenResourcesFiltering - skip non existing resourceDirectory /Users/trungquan/eclipse-workspace/SIT333/task3_2P/src/main/resources
2025-04-01 17:45:42,044 [Worker-76: Building] WARN  o.a.m.s.f.DefaultMavenResourcesFiltering - Using platform encoding (UTF-8 actually) to copy filtered resources, i.e. build is platform dependent!
2025-04-01 17:45:42,044 [Worker-76: Building] INFO  o.a.m.s.f.DefaultMavenResourcesFiltering - skip non existing resourceDirectory /Users/trungquan/eclipse-workspace/SIT333/task3_2P/src/test/resources
2025-04-01 17:55:53,235 [Worker-79: Building] WARN  o.a.m.s.f.DefaultMavenResourcesFiltering - Using platform encoding (UTF-8 actually) to copy filtered resources, i.e. build is platform dependent!
2025-04-01 17:55:53,251 [Worker-79: Building] INFO  o.a.m.s.f.DefaultMavenResourcesFiltering - skip non existing resourceDirectory /Users/trungquan/eclipse-workspace/SIT333/task3_2P/src/main/resources
2025-04-01 17:55:53,259 [Worker-79: Building] WARN  o.a.m.s.f.DefaultMavenResourcesFiltering - Using platform encoding (UTF-8 actually) to copy filtered resources, i.e. build is platform dependent!
2025-04-01 17:55:53,260 [Worker-79: Building] INFO  o.a.m.s.f.DefaultMavenResourcesFiltering - skip non existing resourceDirectory /Users/trungquan/eclipse-workspace/SIT333/task3_2P/src/test/resources
2025-04-01 17:56:48,491 [Worker-82: Building] WARN  o.a.m.s.f.DefaultMavenResourcesFiltering - Using platform encoding (UTF-8 actually) to copy filtered resources, i.e. build is platform dependent!
2025-04-01 17:56:48,492 [Worker-82: Building] INFO  o.a.m.s.f.DefaultMavenResourcesFiltering - skip non existing resourceDirectory /Users/trungquan/eclipse-workspace/SIT333/task3_2P/src/main/resources
2025-04-01 17:56:48,516 [Worker-82: Building] WARN  o.a.m.s.f.DefaultMavenResourcesFiltering - Using platform encoding (UTF-8 actually) to copy filtered resources, i.e. build is platform dependent!
2025-04-01 17:56:48,516 [Worker-82: Building] INFO  o.a.m.s.f.DefaultMavenResourcesFiltering - skip non existing resourceDirectory /Users/trungquan/eclipse-workspace/SIT333/task3_2P/src/test/resources
2025-04-01 17:57:18,429 [Worker-83: Building] WARN  o.a.m.s.f.DefaultMavenResourcesFiltering - Using platform encoding (UTF-8 actually) to copy filtered resources, i.e. build is platform dependent!
2025-04-01 17:57:18,445 [Worker-83: Building] INFO  o.a.m.s.f.DefaultMavenResourcesFiltering - skip non existing resourceDirectory /Users/trungquan/eclipse-workspace/SIT333/task3_2P/src/main/resources
2025-04-01 17:57:18,454 [Worker-83: Building] WARN  o.a.m.s.f.DefaultMavenResourcesFiltering - Using platform encoding (UTF-8 actually) to copy filtered resources, i.e. build is platform dependent!
2025-04-01 17:57:18,456 [Worker-83: Building] INFO  o.a.m.s.f.DefaultMavenResourcesFiltering - skip non existing resourceDirectory /Users/trungquan/eclipse-workspace/SIT333/task3_2P/src/test/resources
2025-04-01 18:00:21,321 [Worker-85: Building] WARN  o.a.m.s.f.DefaultMavenResourcesFiltering - Using platform encoding (UTF-8 actually) to copy filtered resources, i.e. build is platform dependent!
2025-04-01 18:00:21,323 [Worker-85: Building] INFO  o.a.m.s.f.DefaultMavenResourcesFiltering - skip non existing resourceDirectory /Users/trungquan/eclipse-workspace/SIT333/task3_2P/src/main/resources
2025-04-01 18:00:21,323 [Worker-85: Building] WARN  o.a.m.s.f.DefaultMavenResourcesFiltering - Using platform encoding (UTF-8 actually) to copy filtered resources, i.e. build is platform dependent!
2025-04-01 18:00:21,324 [Worker-85: Building] INFO  o.a.m.s.f.DefaultMavenResourcesFiltering - skip non existing resourceDirectory /Users/trungquan/eclipse-workspace/SIT333/task3_2P/src/test/resources
2025-04-01 18:01:02,320 [Worker-85: Building] WARN  o.a.m.s.f.DefaultMavenResourcesFiltering - Using platform encoding (UTF-8 actually) to copy filtered resources, i.e. build is platform dependent!
2025-04-01 18:01:02,365 [Worker-85: Building] INFO  o.a.m.s.f.DefaultMavenResourcesFiltering - skip non existing resourceDirectory /Users/trungquan/eclipse-workspace/SIT333/task3_2P/src/main/resources
2025-04-01 18:01:02,388 [Worker-85: Building] WARN  o.a.m.s.f.DefaultMavenResourcesFiltering - Using platform encoding (UTF-8 actually) to copy filtered resources, i.e. build is platform dependent!
2025-04-01 18:01:02,393 [Worker-85: Building] INFO  o.a.m.s.f.DefaultMavenResourcesFiltering - skip non existing resourceDirectory /Users/trungquan/eclipse-workspace/SIT333/task3_2P/src/test/resources
2025-04-01 18:02:28,254 [Worker-87: Building] WARN  o.a.m.s.f.DefaultMavenResourcesFiltering - Using platform encoding (UTF-8 actually) to copy filtered resources, i.e. build is platform dependent!
2025-04-01 18:02:28,256 [Worker-87: Building] INFO  o.a.m.s.f.DefaultMavenResourcesFiltering - skip non existing resourceDirectory /Users/trungquan/eclipse-workspace/SIT333/task3_2P/src/main/resources
2025-04-01 18:02:28,258 [Worker-87: Building] WARN  o.a.m.s.f.DefaultMavenResourcesFiltering - Using platform encoding (UTF-8 actually) to copy filtered resources, i.e. build is platform dependent!
2025-04-01 18:02:28,259 [Worker-87: Building] INFO  o.a.m.s.f.DefaultMavenResourcesFiltering - skip non existing resourceDirectory /Users/trungquan/eclipse-workspace/SIT333/task3_2P/src/test/resources
2025-04-01 18:03:22,731 [Worker-87: Building] WARN  o.a.m.s.f.DefaultMavenResourcesFiltering - Using platform encoding (UTF-8 actually) to copy filtered resources, i.e. build is platform dependent!
2025-04-01 18:03:22,732 [Worker-87: Building] INFO  o.a.m.s.f.DefaultMavenResourcesFiltering - skip non existing resourceDirectory /Users/trungquan/eclipse-workspace/SIT333/task3_2P/src/main/resources
2025-04-01 18:03:22,733 [Worker-87: Building] WARN  o.a.m.s.f.DefaultMavenResourcesFiltering - Using platform encoding (UTF-8 actually) to copy filtered resources, i.e. build is platform dependent!
2025-04-01 18:03:22,733 [Worker-87: Building] INFO  o.a.m.s.f.DefaultMavenResourcesFiltering - skip non existing resourceDirectory /Users/trungquan/eclipse-workspace/SIT333/task3_2P/src/test/resources
2025-04-01 18:03:39,409 [Worker-90: Building] WARN  o.a.m.s.f.DefaultMavenResourcesFiltering - Using platform encoding (UTF-8 actually) to copy filtered resources, i.e. build is platform dependent!
2025-04-01 18:03:39,449 [Worker-90: Building] INFO  o.a.m.s.f.DefaultMavenResourcesFiltering - skip non existing resourceDirectory /Users/trungquan/eclipse-workspace/SIT333/task3_2P/src/main/resources
2025-04-01 18:03:39,473 [Worker-90: Building] WARN  o.a.m.s.f.DefaultMavenResourcesFiltering - Using platform encoding (UTF-8 actually) to copy filtered resources, i.e. build is platform dependent!
2025-04-01 18:03:39,476 [Worker-90: Building] INFO  o.a.m.s.f.DefaultMavenResourcesFiltering - skip non existing resourceDirectory /Users/trungquan/eclipse-workspace/SIT333/task3_2P/src/test/resources
2025-04-01 18:04:33,674 [Worker-87: Building] WARN  o.a.m.s.f.DefaultMavenResourcesFiltering - Using platform encoding (UTF-8 actually) to copy filtered resources, i.e. build is platform dependent!
2025-04-01 18:04:33,676 [Worker-87: Building] INFO  o.a.m.s.f.DefaultMavenResourcesFiltering - skip non existing resourceDirectory /Users/trungquan/eclipse-workspace/SIT333/task3_2P/src/main/resources
2025-04-01 18:04:33,677 [Worker-87: Building] WARN  o.a.m.s.f.DefaultMavenResourcesFiltering - Using platform encoding (UTF-8 actually) to copy filtered resources, i.e. build is platform dependent!
2025-04-01 18:04:33,677 [Worker-87: Building] INFO  o.a.m.s.f.DefaultMavenResourcesFiltering - skip non existing resourceDirectory /Users/trungquan/eclipse-workspace/SIT333/task3_2P/src/test/resources
2025-04-01 18:04:43,390 [Worker-86: Building] WARN  o.a.m.s.f.DefaultMavenResourcesFiltering - Using platform encoding (UTF-8 actually) to copy filtered resources, i.e. build is platform dependent!
2025-04-01 18:04:43,391 [Worker-86: Building] INFO  o.a.m.s.f.DefaultMavenResourcesFiltering - skip non existing resourceDirectory /Users/trungquan/eclipse-workspace/SIT333/task3_2P/src/main/resources
2025-04-01 18:04:43,392 [Worker-86: Building] WARN  o.a.m.s.f.DefaultMavenResourcesFiltering - Using platform encoding (UTF-8 actually) to copy filtered resources, i.e. build is platform dependent!
2025-04-01 18:04:43,393 [Worker-86: Building] INFO  o.a.m.s.f.DefaultMavenResourcesFiltering - skip non existing resourceDirectory /Users/trungquan/eclipse-workspace/SIT333/task3_2P/src/test/resources
2025-04-01 18:04:49,846 [Worker-92: Building] WARN  o.a.m.s.f.DefaultMavenResourcesFiltering - Using platform encoding (UTF-8 actually) to copy filtered resources, i.e. build is platform dependent!
2025-04-01 18:04:49,865 [Worker-92: Building] INFO  o.a.m.s.f.DefaultMavenResourcesFiltering - skip non existing resourceDirectory /Users/trungquan/eclipse-workspace/SIT333/task3_2P/src/main/resources
2025-04-01 18:04:49,877 [Worker-92: Building] WARN  o.a.m.s.f.DefaultMavenResourcesFiltering - Using platform encoding (UTF-8 actually) to copy filtered resources, i.e. build is platform dependent!
2025-04-01 18:04:49,879 [Worker-92: Building] INFO  o.a.m.s.f.DefaultMavenResourcesFiltering - skip non existing resourceDirectory /Users/trungquan/eclipse-workspace/SIT333/task3_2P/src/test/resources
2025-04-01 18:04:56,814 [Worker-90: Building] WARN  o.a.m.s.f.DefaultMavenResourcesFiltering - Using platform encoding (UTF-8 actually) to copy filtered resources, i.e. build is platform dependent!
2025-04-01 18:04:56,815 [Worker-90: Building] INFO  o.a.m.s.f.DefaultMavenResourcesFiltering - skip non existing resourceDirectory /Users/trungquan/eclipse-workspace/SIT333/task3_2P/src/main/resources
2025-04-01 18:04:56,816 [Worker-90: Building] WARN  o.a.m.s.f.DefaultMavenResourcesFiltering - Using platform encoding (UTF-8 actually) to copy filtered resources, i.e. build is platform dependent!
2025-04-01 18:04:56,816 [Worker-90: Building] INFO  o.a.m.s.f.DefaultMavenResourcesFiltering - skip non existing resourceDirectory /Users/trungquan/eclipse-workspace/SIT333/task3_2P/src/test/resources
2025-04-01 18:05:02,714 [Worker-86: Building] WARN  o.a.m.s.f.DefaultMavenResourcesFiltering - Using platform encoding (UTF-8 actually) to copy filtered resources, i.e. build is platform dependent!
2025-04-01 18:05:02,715 [Worker-86: Building] INFO  o.a.m.s.f.DefaultMavenResourcesFiltering - skip non existing resourceDirectory /Users/trungquan/eclipse-workspace/SIT333/task3_2P/src/main/resources
2025-04-01 18:05:02,715 [Worker-86: Building] WARN  o.a.m.s.f.DefaultMavenResourcesFiltering - Using platform encoding (UTF-8 actually) to copy filtered resources, i.e. build is platform dependent!
2025-04-01 18:05:02,716 [Worker-86: Building] INFO  o.a.m.s.f.DefaultMavenResourcesFiltering - skip non existing resourceDirectory /Users/trungquan/eclipse-workspace/SIT333/task3_2P/src/test/resources
2025-04-01 18:05:27,448 [Worker-91: Building] WARN  o.a.m.s.f.DefaultMavenResourcesFiltering - Using platform encoding (UTF-8 actually) to copy filtered resources, i.e. build is platform dependent!
2025-04-01 18:05:27,464 [Worker-91: Building] INFO  o.a.m.s.f.DefaultMavenResourcesFiltering - skip non existing resourceDirectory /Users/trungquan/eclipse-workspace/SIT333/task3_2P/src/main/resources
2025-04-01 18:05:27,474 [Worker-91: Building] WARN  o.a.m.s.f.DefaultMavenResourcesFiltering - Using platform encoding (UTF-8 actually) to copy filtered resources, i.e. build is platform dependent!
2025-04-01 18:05:27,476 [Worker-91: Building] INFO  o.a.m.s.f.DefaultMavenResourcesFiltering - skip non existing resourceDirectory /Users/trungquan/eclipse-workspace/SIT333/task3_2P/src/test/resources
2025-04-01 18:05:40,262 [Worker-90: Building] WARN  o.a.m.s.f.DefaultMavenResourcesFiltering - Using platform encoding (UTF-8 actually) to copy filtered resources, i.e. build is platform dependent!
2025-04-01 18:05:40,264 [Worker-90: Building] INFO  o.a.m.s.f.DefaultMavenResourcesFiltering - skip non existing resourceDirectory /Users/trungquan/eclipse-workspace/SIT333/task3_2P/src/main/resources
2025-04-01 18:05:40,266 [Worker-90: Building] WARN  o.a.m.s.f.DefaultMavenResourcesFiltering - Using platform encoding (UTF-8 actually) to copy filtered resources, i.e. build is platform dependent!
2025-04-01 18:05:40,266 [Worker-90: Building] INFO  o.a.m.s.f.DefaultMavenResourcesFiltering - skip non existing resourceDirectory /Users/trungquan/eclipse-workspace/SIT333/task3_2P/src/test/resources
2025-04-01 18:05:51,355 [Worker-91: Building] WARN  o.a.m.s.f.DefaultMavenResourcesFiltering - Using platform encoding (UTF-8 actually) to copy filtered resources, i.e. build is platform dependent!
2025-04-01 18:05:51,355 [Worker-91: Building] INFO  o.a.m.s.f.DefaultMavenResourcesFiltering - skip non existing resourceDirectory /Users/trungquan/eclipse-workspace/SIT333/task3_2P/src/main/resources
2025-04-01 18:05:51,356 [Worker-91: Building] WARN  o.a.m.s.f.DefaultMavenResourcesFiltering - Using platform encoding (UTF-8 actually) to copy filtered resources, i.e. build is platform dependent!
2025-04-01 18:05:51,357 [Worker-91: Building] INFO  o.a.m.s.f.DefaultMavenResourcesFiltering - skip non existing resourceDirectory /Users/trungquan/eclipse-workspace/SIT333/task3_2P/src/test/resources
2025-04-01 18:06:07,865 [Worker-87: Building] WARN  o.a.m.s.f.DefaultMavenResourcesFiltering - Using platform encoding (UTF-8 actually) to copy filtered resources, i.e. build is platform dependent!
2025-04-01 18:06:07,899 [Worker-87: Building] INFO  o.a.m.s.f.DefaultMavenResourcesFiltering - skip non existing resourceDirectory /Users/trungquan/eclipse-workspace/SIT333/task3_2P/src/main/resources
2025-04-01 18:06:07,910 [Worker-87: Building] WARN  o.a.m.s.f.DefaultMavenResourcesFiltering - Using platform encoding (UTF-8 actually) to copy filtered resources, i.e. build is platform dependent!
2025-04-01 18:06:07,912 [Worker-87: Building] INFO  o.a.m.s.f.DefaultMavenResourcesFiltering - skip non existing resourceDirectory /Users/trungquan/eclipse-workspace/SIT333/task3_2P/src/test/resources
2025-04-01 18:06:48,457 [Worker-92: Building] WARN  o.a.m.s.f.DefaultMavenResourcesFiltering - Using platform encoding (UTF-8 actually) to copy filtered resources, i.e. build is platform dependent!
2025-04-01 18:06:48,459 [Worker-92: Building] INFO  o.a.m.s.f.DefaultMavenResourcesFiltering - skip non existing resourceDirectory /Users/trungquan/eclipse-workspace/SIT333/task3_2P/src/main/resources
2025-04-01 18:06:48,461 [Worker-92: Building] WARN  o.a.m.s.f.DefaultMavenResourcesFiltering - Using platform encoding (UTF-8 actually) to copy filtered resources, i.e. build is platform dependent!
2025-04-01 18:06:48,462 [Worker-92: Building] INFO  o.a.m.s.f.DefaultMavenResourcesFiltering - skip non existing resourceDirectory /Users/trungquan/eclipse-workspace/SIT333/task3_2P/src/test/resources
2025-04-01 18:07:29,461 [Worker-91: Building] WARN  o.a.m.s.f.DefaultMavenResourcesFiltering - Using platform encoding (UTF-8 actually) to copy filtered resources, i.e. build is platform dependent!
2025-04-01 18:07:29,478 [Worker-91: Building] INFO  o.a.m.s.f.DefaultMavenResourcesFiltering - skip non existing resourceDirectory /Users/trungquan/eclipse-workspace/SIT333/task3_2P/src/main/resources
2025-04-01 18:07:29,488 [Worker-91: Building] WARN  o.a.m.s.f.DefaultMavenResourcesFiltering - Using platform encoding (UTF-8 actually) to copy filtered resources, i.e. build is platform dependent!
2025-04-01 18:07:29,492 [Worker-91: Building] INFO  o.a.m.s.f.DefaultMavenResourcesFiltering - skip non existing resourceDirectory /Users/trungquan/eclipse-workspace/SIT333/task3_2P/src/test/resources
2025-04-01 18:07:44,209 [Worker-91: Building] WARN  o.a.m.s.f.DefaultMavenResourcesFiltering - Using platform encoding (UTF-8 actually) to copy filtered resources, i.e. build is platform dependent!
2025-04-01 18:07:44,210 [Worker-91: Building] INFO  o.a.m.s.f.DefaultMavenResourcesFiltering - skip non existing resourceDirectory /Users/trungquan/eclipse-workspace/SIT333/task3_2P/src/main/resources
2025-04-01 18:07:44,211 [Worker-91: Building] WARN  o.a.m.s.f.DefaultMavenResourcesFiltering - Using platform encoding (UTF-8 actually) to copy filtered resources, i.e. build is platform dependent!
2025-04-01 18:07:44,211 [Worker-91: Building] INFO  o.a.m.s.f.DefaultMavenResourcesFiltering - skip non existing resourceDirectory /Users/trungquan/eclipse-workspace/SIT333/task3_2P/src/test/resources
2025-04-01 18:10:25,025 [ModalContext] INFO  o.e.m.jdt.internal.UnitTestSupport - Updating task3_1P from maven configuration
2025-04-01 18:10:26,613 [Worker-86: Building] INFO  o.e.m.c.i.l.LifecycleMappingFactory - Using org.eclipse.m2e.jdt.JarLifecycleMapping lifecycle mapping for MavenProject: sit707_tasks:task3_1P:1.0-SNAPSHOT @ /Users/trungquan/eclipse-workspace/SIT333/task3_1P/pom.xml.
2025-04-01 18:10:26,750 [Worker-86: Building] WARN  o.a.m.s.f.DefaultMavenResourcesFiltering - Using platform encoding (UTF-8 actually) to copy filtered resources, i.e. build is platform dependent!
2025-04-01 18:10:26,752 [Worker-86: Building] INFO  o.a.m.s.f.DefaultMavenResourcesFiltering - skip non existing resourceDirectory /Users/trungquan/eclipse-workspace/SIT333/task3_1P/src/main/resources
2025-04-01 18:10:26,754 [Worker-86: Building] WARN  o.a.m.s.f.DefaultMavenResourcesFiltering - Using platform encoding (UTF-8 actually) to copy filtered resources, i.e. build is platform dependent!
2025-04-01 18:10:26,755 [Worker-86: Building] INFO  o.a.m.s.f.DefaultMavenResourcesFiltering - skip non existing resourceDirectory /Users/trungquan/eclipse-workspace/SIT333/task3_1P/src/test/resources
2025-04-01 18:10:27,885 [Worker-95: Building] WARN  o.a.m.s.f.DefaultMavenResourcesFiltering - Using platform encoding (UTF-8 actually) to copy filtered resources, i.e. build is platform dependent!
2025-04-01 18:10:27,886 [Worker-95: Building] INFO  o.a.m.s.f.DefaultMavenResourcesFiltering - skip non existing resourceDirectory /Users/trungquan/eclipse-workspace/SIT333/task3_1P/src/main/resources
2025-04-01 18:10:27,887 [Worker-95: Building] WARN  o.a.m.s.f.DefaultMavenResourcesFiltering - Using platform encoding (UTF-8 actually) to copy filtered resources, i.e. build is platform dependent!
2025-04-01 18:10:27,887 [Worker-95: Building] INFO  o.a.m.s.f.DefaultMavenResourcesFiltering - skip non existing resourceDirectory /Users/trungquan/eclipse-workspace/SIT333/task3_1P/src/test/resources
